УИК №101	657	650	0	225	5	420	5	225	11	219	0	0	15	55	5	108	36
УИК №102	789	780	0	260	14	506	14	260	4	270	0	0	22	60	3	150	35
УИК №103	717	720	0	221	9	490	9	221	10	220	0	0	27	42	7	111	33
УИК №104	717	720	0	264	15	441	15	264	16	263	0	0	31	50	3	146	33
УИК №105	351	330	0	124	11	195	11	124	5	130	0	0	17	19	3	77	14
УИК №106	379	380	8	70	19	283	27	70	1	96	0	0	9	18	1	63	5
УИК №107	261	260	23	88	7	142	30	88	4	114	0	0	18	9	8	42	37
УИК №108	133	130	0	74	13	43	13	74	0	87	0	0	5	11	1	69	1
УИК №109	241	240	0	115	18	107	18	115	2	131	0	0	2	22	4	93	10
УИК №110	198	190	19	76	7	88	26	76	6	96	0	0	18	19	3	47	9
УИК №111	446	450	0	187	11	252	11	187	9	189	0	0	18	24	1	121	25
УИК №112	98	90	0	47	0	43	0	47	5	42	0	0	3	6	0	27	6
УИК №113	305	300	0	126	3	171	3	126	6	123	0	0	12	29	1	64	17
УИК №114	138	130	22	47	5	56	27	47	1	73	0	0	14	7	2	32	18
УИК №115	131	130	0	62	5	63	5	62	4	63	0	0	7	24	0	27	5
УИК №116	579	580	0	205	19	356	19	205	9	215	0	0	35	46	7	88	39
УИК №117	278	240	0	136	16	88	16	136	3	149	0	0	33	41	4	57	14
УИК №118	216	210	0	88	9	113	9	88	1	96	0	0	11	44	2	32	7
УИК №119	297	280	0	144	6	130	6	144	4	146	0	0	7	24	0	99	16
УИК №120	149	150	0	37	7	106	7	37	0	44	0	0	4	11	1	27	1
УИК №121	223	220	0	67	8	145	8	67	3	72	0	0	8	7	1	51	5
УИК №122	769	770	0	202	30	538	30	202	9	223	0	0	38	47	10	101	27
УИК №123	620	610	0	196	16	398	16	196	10	202	0	0	26	35	8	105	28
УИК №124	656	850	0	450	5	395	5	450	22	433	0	0	81	69	13	173	97
УИК №125	434	430	29	120	8	273	37	120	6	151	0	0	20	23	4	90	14
УИК №126	640	640	42	289	4	305	46	289	5	330	0	0	14	61	4	241	10
УИК №127	298	290	0	90	11	189	11	90	6	95	0	0	5	19	2	64	5
УИК №128	520	520	0	218	20	282	20	218	8	230	0	0	23	49	6	139	13
																	
УИК №201	2228	2200	0	571	5	1624	5	571	12	564	0	0	98	253	17	149	47
УИК №202	2293	2300	0	743	6	1551	6	743	21	728	0	0	68	231	29	330	70
УИК №203	2191	2200	0	661	3	1536	3	661	10	654	0	0	91	254	37	212	60
УИК №204	2250	2250	0	808	3	1439	3	808	24	787	0	0	86	296	22	306	77
УИК №205	1166	1150	0	236	2	912	2	236	9	229	0	0	36	94	12	62	25
УИК №206	791	800	0	211	2	587	2	211	8	205	0	0	27	74	9	70	25
УИК №207	1940	1950	0	731	11	1208	11	731	24	718	0	0	86	254	22	295	61
УИК №208	2182	2200	0	852	9	1339	9	852	27	834	0	0	84	318	22	303	107
УИК №209	2254	2250	0	839	8	1403	8	839	20	827	0	0	99	276	25	354	73
УИК №210	2143	2150	0	777	12	1361	12	777	30	759	0	0	84	262	37	303	73
УИК №211	1963	1950	0	699	4	1247	4	699	31	672	0	0	52	269	30	251	70
УИК №212	2221	2250	0	776	3	1471	3	776	30	749	0	0	83	266	30	293	77
УИК №213	2100	2100	0	683	7	1410	7	683	11	679	0	0	92	270	19	225	73
УИК №214	2048	2050	0	646	9	1395	9	646	14	641	0	0	83	220	28	232	78
УИК №215	2042	2050	0	737	8	1305	8	737	23	722	0	0	70	251	32	289	80
УИК №216	2099	2100	0	681	3	1416	3	680	27	656	0	0	69	227	27	251	82
УИК №217	2005	2000	0	685	10	1305	10	685	22	673	0	0	80	254	16	259	64
УИК №218	2352	2300	0	617	8	1675	8	617	16	609	0	0	92	202	18	222	75
УИК №219	2273	2300	0	696	33	1571	33	695	28	700	0	0	111	234	34	255	66
УИК №220	1948	1950	0	599	10	1341	10	598	18	590	0	0	61	211	22	219	77
УИК №221	2147	2100	0	765	9	1326	9	765	25	749	0	0	90	276	37	261	85
УИК №222	2031	2000	0	603	2	1395	2	603	12	593	0	0	72	218	22	216	65
УИК №280	61	500	0	16	39	445	39	16	0	55	0	0	9	12	4	26	4
																	
УИК №301	2707	2600	0	753	4	1843	4	753	36	721	0	0	125	197	48	245	106
УИК №302	1087	1000	0	164	6	830	6	164	3	167	0	0	11	76	5	56	19
УИК №303	2564	2500	0	473	14	2013	14	473	8	479	0	0	31	158	23	207	60
УИК №304	2558	2500	0	469	32	1999	32	469	13	488	0	0	47	170	24	190	57
УИК №305	1030	1000	0	192	23	785	23	192	3	212	0	0	6	58	9	129	10
УИК №306	1457	1400	0	270	11	1119	11	270	5	276	0	0	16	89	15	114	42
УИК №307	1606	1600	0	342	25	1233	25	342	7	360	0	0	32	121	30	136	41
УИК №308	1160	1000	0	221	8	771	8	221	9	220	0	0	20	104	12	62	22
УИК №309	1186	1000	0	230	3	767	3	230	8	225	0	0	23	84	15	78	25
УИК №310	1857	1800	0	485	6	1309	6	485	17	474	0	0	39	160	28	181	66
УИК №311	2047	2000	0	428	41	1531	41	428	7	462	0	0	39	162	31	183	47
УИК №312	1081	1000	0	356	2	642	2	356	18	340	0	0	36	122	18	106	58
УИК №313	1387	1300	0	378	7	915	7	378	10	375	0	0	31	142	26	142	34
УИК №314	1538	1500	0	358	4	1138	4	358	10	352	0	0	33	132	20	136	31
УИК №315	1804	1700	0	901	3	796	3	901	14	890	0	0	38	165	20	619	48
УИК №316	1206	1200	0	729	9	462	9	729	15	723	0	0	31	117	10	539	26
УИК №317	1812	1800	0	256	6	1538	6	256	9	253	0	0	25	111	5	83	29
УИК №318	1662	1500	0	303	9	1188	9	303	10	302	0	0	15	81	10	162	34
УИК №319	1150	1100	0	230	8	862	8	230	9	229	0	0	12	70	14	110	23
УИК №320	1940	1900	0	539	4	1357	4	539	23	520	0	0	27	190	25	213	65
УИК №321	2148	2000	0	876	5	1119	5	876	5	876	0	0	22	98	31	690	35
УИК №322	1183	1000	0	292	27	681	27	292	16	303	0	0	20	99	17	130	37
УИК №323	1549	1500	0	264	97	1139	97	264	10	351	0	0	19	157	18	123	34
УИК №324	1293	1200	0	355	5	840	5	355	42	318	0	0	31	105	22	123	37
УИК №325	1128	1100	0	373	11	716	11	373	3	381	0	0	11	42	6	308	14
УИК №326	1165	1100	0	187	5	908	5	187	5	187	0	0	15	59	7	79	27
УИК №327	919	900	0	164	3	733	3	164	5	162	0	0	11	52	8	73	18
УИК №328	2077	2000	0	638	3	1359	3	638	42	599	0	0	46	224	32	234	63
УИК №329	1477	1400	0	389	5	1006	5	389	14	380	0	0	32	132	17	155	44
УИК №330	1906	1700	0	399	15	1286	15	399	20	394	0	0	26	160	19	140	49
УИК №331	2729	2700	0	545	2	2153	2	545	25	522	0	0	44	177	30	219	52
УИК №332	776	700	0	129	0	571	0	129	3	126	0	0	14	51	9	39	13
УИК №333	1745	1700	0	359	3	1338	3	359	7	355	0	0	19	86	11	199	40
УИК №334	1614	1600	0	423	31	1146	31	423	5	449	0	0	27	130	18	238	36
УИК №335	2189	2000	0	363	30	1607	30	363	11	382	0	0	35	142	23	150	32
УИК №336	1552	1500	0	348	2	1150	2	348	12	338	0	0	29	141	17	108	43
УИК №337	1961	1800	0	467	4	1329	4	467	17	454	0	0	52	150	24	145	83
УИК №338	484	400	0	78	18	304	18	78	1	95	0	0	7	39	10	31	8
УИК №339	1426	1400	0	361	44	995	44	361	4	401	0	0	36	86	9	249	21
УИК №340	1232	1200	0	540	21	639	21	540	13	548	0	0	28	92	13	384	31
УИК №341	1362	1300	0	386	16	898	16	386	10	392	0	0	8	46	7	317	14
УИК №342	1631	1600	0	426	84	1090	84	426	15	495	0	0	45	136	15	260	39
УИК №343	1496	1500	0	384	29	1087	29	384	15	398	0	0	22	114	16	216	30
УИК №344	926	900	0	167	50	683	50	167	1	216	0	0	16	49	11	123	17
УИК №345	1519	1500	0	392	11	1097	11	392	12	391	0	0	37	160	20	133	41
УИК №346	2462	2400	0	475	7	1918	7	475	8	474	0	0	33	145	31	220	45
УИК №347	2075	2000	0	447	6	1547	6	447	17	436	0	0	34	121	25	199	57
УИК №348	1154	1100	0	262	9	829	9	262	8	263	0	0	25	62	14	138	24
УИК №349	1174	1100	0	362	20	718	20	362	7	375	0	0	16	62	3	254	40
УИК №350	671	600	0	149	7	444	7	149	0	156	0	0	19	28	5	81	23
УИК №351	756	700	0	431	37	232	37	431	3	465	0	0	2	11	1	448	3
УИК №352	291	240	0	89	25	126	25	89	3	111	0	0	6	17	1	63	24
УИК №353	1439	1400	0	249	18	1133	18	249	7	260	0	0	22	92	17	111	18
УИК №354	2032	2000	0	531	15	1454	15	531	21	525	0	0	50	181	36	194	64
УИК №355	782	700	0	255	11	434	11	255	0	266	0	0	24	53	14	151	24
УИК №356	1500	1500	0	316	3	1181	3	316	8	311	0	0	16	56	15	209	15
УИК №380	204	1000	0	190	0	810	0	190	3	187	0	0	10	18	4	143	12
УИК №381	39	1000	0	34	0	966	0	34	0	34	0	0	5	13	1	11	4
																	
УИК №401	1058	1060	0	267	25	768	25	267	22	270	0	0	38	79	8	111	34
УИК №402	1420	1440	0	559	9	872	9	559	26	542	0	0	61	138	43	225	75
УИК №403	2635	2665	0	885	18	1762	18	885	49	854	0	0	85	264	71	336	98
УИК №404	2503	2530	0	986	25	1519	25	986	70	941	0	0	82	260	55	417	127
УИК №405	2446	2490	0	795	16	1679	16	795	46	765	0	0	85	233	38	319	90
УИК №406	2684	2710	0	867	17	1826	17	867	55	829	0	0	80	277	58	309	105
УИК №407	2661	2725	0	827	28	1870	28	827	35	820	0	0	104	264	48	315	89
УИК №408	2536	2560	0	849	15	1696	15	848	47	816	0	0	63	276	54	309	114
УИК №409	2703	2710	0	962	3	1745	3	962	53	912	0	0	88	300	48	361	115
УИК №410	2627	2670	0	746	7	1917	7	746	32	721	0	0	53	239	48	269	112
УИК №411	2617	2645	0	762	12	1871	12	762	46	728	0	0	85	216	45	271	111
УИК №412	1453	1470	0	380	1	1089	1	380	20	361	0	0	43	127	22	116	53
УИК №413	1307	1325	0	351	7	967	7	351	18	340	0	0	38	85	11	154	52
																	
УИК №501	1544	1100	0	595	6	499	6	595	18	583	0	0	80	141	45	188	129
УИК №502	1219	1000	0	316	5	679	5	316	10	311	0	0	32	82	26	142	29
УИК №503	1859	1300	0	403	11	886	11	403	9	405	0	0	42	137	27	140	59
УИК №504	1586	1100	0	373	8	719	8	373	3	378	0	0	39	132	31	140	36
УИК №505	855	600	0	190	2	408	2	190	2	190	0	0	7	55	9	93	26
УИК №506	1179	1000	0	227	5	768	5	227	3	229	0	0	17	73	16	95	28
УИК №507	1694	1200	0	506	5	689	5	506	22	489	0	0	65	138	34	190	62
УИК №508	1516	1100	0	363	6	731	6	361	6	361	0	0	38	122	36	132	33
УИК №509	656	500	0	170	0	330	0	170	2	168	0	0	21	58	7	65	17
УИК №510	1676	1100	0	377	7	716	7	377	4	380	0	0	41	136	30	132	41
УИК №511	1223	1000	0	261	1	738	1	260	6	255	0	0	22	94	24	97	18
УИК №512	1740	1200	0	286	12	902	12	286	7	291	0	0	32	115	27	95	22
УИК №513	1420	1000	0	315	6	679	6	315	14	307	0	0	27	99	27	125	29
УИК №514	1524	1000	0	357	2	641	2	357	10	349	0	0	25	140	23	123	38
УИК №515	2260	1600	0	583	2	1015	2	583	12	573	0	0	46	209	32	224	62
УИК №516	2465	1800	0	492	10	1298	10	492	9	493	0	0	43	176	63	167	44
УИК №517	2686	1900	0	555	2	1343	2	554	5	551	0	0	45	200	49	202	55
УИК №518	2059	1500	0	439	6	1055	6	439	5	440	0	0	48	176	35	144	37
УИК №519	2288	1700	0	448	3	1249	3	448	10	441	0	0	52	137	41	156	55
УИК №520	1969	1400	0	284	0	1116	0	283	8	275	0	0	38	99	20	97	21
УИК №521	2428	1700	0	603	1	1096	1	603	20	584	0	0	72	176	39	208	89
УИК №522	1092	1000	0	270	3	727	3	270	4	269	0	0	27	84	17	110	31
УИК №523	1600	1200	0	369	5	826	5	369	6	368	0	0	45	118	33	133	39
УИК №524	1785	1300	0	327	0	973	0	327	5	322	0	0	40	99	27	128	28
УИК №525	2689	1800	0	450	147	1203	147	450	11	586	0	0	70	190	44	229	53
УИК №526	1723	1300	0	338	9	953	9	338	11	336	0	0	32	106	30	144	24
УИК №527	1900	1300	0	460	8	832	8	460	10	458	0	0	34	168	38	174	44
УИК №528	2246	1600	0	349	3	1248	3	349	4	348	0	0	33	119	23	142	31
УИК №529	2364	1700	0	439	0	1261	0	439	9	430	0	0	47	172	29	130	52
УИК №530	1972	1400	0	382	0	1018	0	381	13	368	0	0	32	137	24	135	40
УИК №531	1627	1200	0	272	3	925	3	272	6	269	0	0	23	118	22	67	39
УИК №532	2172	1600	0	388	3	1209	3	388	11	380	0	0	48	125	26	145	36
УИК №533	2154	1500	0	366	5	1129	5	365	6	364	0	0	35	137	23	131	38
УИК №534	1997	1400	0	388	9	1003	9	388	14	383	0	0	41	137	34	121	50
УИК №535	2385	1700	0	388	2	1310	2	388	5	385	0	0	50	135	35	128	37
УИК №536	2032	1500	0	389	9	1102	9	389	10	388	0	0	38	150	29	135	36
УИК №537	2094	1500	0	523	8	969	8	523	8	523	0	0	40	222	48	161	52
УИК №538	2128	1500	0	516	19	965	19	515	14	520	0	0	68	178	39	190	45
УИК №539	2294	1700	0	317	15	1368	15	317	6	326	0	0	34	111	26	122	33
УИК №540	2239	1600	0	314	15	1271	15	314	9	320	0	0	26	104	40	114	36
УИК №541	881	600	0	238	4	358	4	238	7	235	0	0	37	71	16	80	31
УИК №542	2158	1600	0	332	1	1267	1	332	2	331	0	0	39	127	28	99	38
УИК №543	2530	1800	0	397	12	1391	12	397	12	397	0	0	46	133	42	134	42
УИК №544	2340	1700	0	352	5	1343	5	352	5	352	0	0	38	131	36	102	45
УИК №545	1810	1300	0	300	1	999	1	300	3	298	0	0	31	119	19	98	31
УИК №546	859	600	0	196	1	403	1	196	3	194	0	0	20	74	19	61	20
УИК №547	1505	1000	0	349	6	645	6	349	12	343	0	0	34	98	25	156	30
УИК №548	2164	1500	0	400	1	1099	1	400	11	390	0	0	32	152	42	133	31
УИК №549	2602	1800	0	468	3	1329	3	468	7	464	0	0	45	172	36	164	47
УИК №550	1941	1400	0	429	1	970	1	429	7	423	0	0	45	142	32	166	38
УИК №551	2535	1800	0	500	2	1298	2	500	15	487	0	0	57	159	39	173	59
УИК №552	2873	2100	0	520	2	1578	2	520	14	508	0	0	53	209	39	162	45
УИК №553	1337	1000	0	277	3	720	3	277	6	274	0	0	31	77	28	108	30
УИК №554	2008	1500	0	303	0	1197	0	303	12	291	0	0	35	110	18	104	24
УИК №555	1141	700	0	394	4	302	4	394	13	385	0	0	62	92	26	133	72
УИК №556	1680	1100	0	309	0	791	0	308	13	295	0	0	29	113	17	101	35
УИК №580	659	665	0	659	0	6	0	659	71	588	0	0	101	78	29	245	135
																	
УИК №601	2186	2100	0	459	3	1638	3	459	8	454	0	0	62	153	28	171	40
УИК №602	1914	1800	0	271	2	1527	2	270	9	263	0	0	20	100	19	97	27
УИК №603	2417	2300	0	369	7	1924	7	369	9	367	0	0	52	120	31	125	39
УИК №604	2074	2000	0	396	3	1601	3	396	5	394	0	0	44	146	30	142	32
УИК №605	1834	1700	0	323	2	1375	2	323	8	317	0	0	29	116	26	118	28
УИК №606	1975	1800	0	386	4	1410	4	386	8	382	0	0	36	118	28	150	50
УИК №607	2297	2100	0	479	2	1619	2	478	12	468	0	0	38	150	46	181	53
УИК №608	1586	1500	0	347	1	1152	1	347	5	343	0	0	23	124	23	128	45
УИК №609	2376	2200	0	531	0	1669	0	531	24	507	0	0	52	180	31	194	50
УИК №610	2784	2700	0	605	3	2092	3	605	12	596	0	0	61	187	53	224	71
УИК №611	2546	2500	0	436	11	2053	11	436	13	434	0	0	61	135	37	159	42
УИК №612	1990	2000	0	394	4	1602	4	394	12	386	0	0	46	148	31	119	42
УИК №613	2261	2100	0	450	3	1647	3	450	14	439	0	0	43	167	30	150	49
УИК №614	1754	1600	0	254	1	1345	1	254	3	252	0	0	28	96	26	70	32
УИК №615	1618	1500	0	324	6	1170	6	324	9	321	0	0	30	119	23	118	31
УИК №616	2541	2500	0	425	4	2071	4	425	19	410	0	0	52	143	38	132	45
УИК №617	1635	1500	0	357	6	1137	6	357	3	360	0	0	37	142	18	136	27
УИК №618	2350	2200	0	435	2	1763	2	435	11	426	0	0	55	137	31	157	46
УИК №619	2448	2300	0	454	5	1841	5	454	6	453	0	0	39	155	32	180	47
УИК №620	1942	1800	0	398	6	1396	6	398	10	394	0	0	51	146	25	135	37
УИК №621	2240	2100	0	496	3	1601	3	496	11	488	0	0	51	159	31	197	50
УИК №622	1892	1800	0	398	6	1396	6	398	10	394	0	0	53	135	26	151	29
УИК №623	1610	1500	0	350	5	1145	5	350	5	350	0	0	52	119	17	128	34
УИК №624	1316	1200	0	257	0	943	0	257	6	251	0	0	20	89	21	94	27
УИК №625	1786	1700	0	345	2	1353	2	345	7	340	0	0	53	96	36	117	38
УИК №626	1584	1500	0	228	1	1271	1	228	5	224	0	0	22	76	18	83	25
УИК №627	2581	2500	0	428	5	2067	5	428	11	422	0	0	42	145	26	160	49
УИК №628	1359	1300	0	291	2	1007	2	291	9	284	0	0	21	108	22	100	33
УИК №629	2543	2500	0	488	8	2004	8	488	9	487	0	0	56	173	31	181	46
УИК №630	2128	2000	0	315	1	1684	1	315	7	309	0	0	38	127	15	101	28
УИК №631	2222	2100	0	465	3	1632	3	465	12	456	0	0	51	163	37	158	47
УИК №632	2068	2000	0	373	9	1618	9	373	4	378	0	0	38	148	18	133	41
УИК №633	1522	1500	0	276	8	1216	8	276	4	280	0	0	32	94	28	96	30
УИК №634	1759	1700	0	549	0	1151	0	549	19	530	0	0	86	149	32	162	101
УИК №635	1700	1600	0	315	3	1282	3	315	8	310	0	0	36	120	27	83	44
УИК №636	2187	2100	0	355	0	1745	0	355	9	346	0	0	47	113	27	111	48
УИК №637	2036	2000	0	301	5	1694	5	301	7	299	0	0	34	112	24	91	38
УИК №638	1501	1400	0	325	0	1075	0	325	14	311	0	0	42	107	23	102	37
УИК №639	2180	2100	0	405	7	1688	7	405	9	403	0	0	49	129	43	140	42
УИК №640	2360	2300	0	496	1	1803	1	496	11	486	0	0	38	217	37	170	24
УИК №641	2205	2100	0	397	5	1698	5	397	11	391	0	0	44	159	25	122	41
УИК №642	2138	2000	0	272	4	1724	4	272	3	273	0	0	33	104	22	90	24
УИК №643	2291	2200	0	332	0	1868	0	332	10	322	0	0	32	138	14	102	36
УИК №644	2523	2500	0	372	1	2127	1	372	6	367	0	0	42	150	22	118	35
УИК №645	1714	1600	0	280	4	1316	4	280	9	275	0	0	30	112	20	83	30
УИК №646	2074	2000	0	454	5	1541	5	453	10	448	0	0	59	179	24	136	50
УИК №647	2277	2200	0	473	4	1723	4	473	5	472	0	0	68	188	24	150	42
УИК №648	1057	1000	0	177	41	782	41	177	14	204	0	0	14	46	13	106	25
УИК №649	2603	2500	0	489	2	2009	2	489	22	469	0	0	58	176	39	148	48
УИК №650	2308	2200	0	355	3	1842	3	355	11	347	0	0	39	125	27	117	39
УИК №651	2010	2000	0	457	1	1542	1	457	16	442	0	0	59	154	33	120	76
УИК №652	1653	1500	0	872	8	620	8	872	19	861	0	0	140	127	42	431	121
УИК №653	1527	1500	0	318	2	1180	2	318	3	317	0	0	22	140	17	112	26
УИК №654	1733	1600	0	307	4	1289	4	307	8	303	0	0	35	108	28	99	33
УИК №680	154	154	0	153	0	1	0	153	2	151	0	0	20	27	10	71	23
УИК №681	170	172	0	170	0	2	0	170	1	169	0	0	4	33	1	116	15
УИК №682	192	194	0	191	0	3	0	191	3	188	0	0	14	25	11	116	22
УИК №5502	121	123	0	121	0	2	0	121	1	120	0	0	13	26	4	52	25
УИК №5503	113	115	0	113	0	2	0	113	0	113	0	0	5	11	4	85	8
УИК №5504	119	123	0	119	0	4	0	119	3	116	0	0	10	30	8	32	36
УИК №5505	43	45	0	43	0	2	0	43	0	43	0	0	0	0	0	43	0
УИК №5506	37	39	0	37	0	2	0	37	0	37	0	0	0	0	0	37	0
УИК №5507	44	46	0	44	0	2	0	44	0	44	0	0	0	0	0	44	0
УИК №5511	37	39	0	37	0	2	0	37	4	33	0	0	5	9	1	14	4
УИК №5512	43	45	0	43	0	2	0	43	0	43	0	0	0	1	2	39	1
																	
УИК №701	1927	1800	0	477	8	1315	8	477	8	477	0	0	41	173	35	180	48
УИК №702	2072	2000	0	407	2	1591	2	407	9	400	0	0	36	155	35	135	39
УИК №703	1949	1800	0	424	2	1374	2	424	6	420	0	0	34	161	38	148	39
УИК №704	1605	1500	0	321	1	1178	1	321	4	318	0	0	30	117	23	126	22
УИК №705	2159	2100	0	356	2	1742	2	356	10	348	0	0	40	136	28	105	39
УИК №706	2419	2300	0	560	5	1735	5	560	10	555	0	0	70	187	35	208	55
УИК №707	2188	2100	0	461	3	1636	3	460	15	448	0	0	46	177	28	155	42
УИК №708	2361	2100	0	667	5	1428	5	667	29	643	0	0	78	225	62	198	80
УИК №709	1990	1900	0	405	0	1495	0	405	10	395	0	0	40	131	24	152	48
УИК №710	2129	2100	0	328	9	1763	9	328	6	331	0	0	40	115	27	121	28
УИК №711	2238	2200	0	484	8	1708	8	484	7	485	0	0	49	167	31	189	49
УИК №712	2420	2300	0	554	6	1740	6	554	10	550	0	0	50	183	52	209	56
УИК №713	1728	1700	0	405	11	1284	11	405	8	408	0	0	42	144	31	157	34
УИК №714	1647	1600	0	365	3	1232	3	364	8	359	0	0	26	114	43	145	31
УИК №715	1629	1600	0	347	6	1247	6	347	6	347	0	0	43	101	32	134	37
УИК №716	1805	1700	0	440	5	1255	5	439	11	433	0	0	35	151	35	165	47
УИК №717	2099	1900	0	395	3	1502	3	395	14	384	0	0	39	107	24	172	42
УИК №718	1299	1100	0	363	3	734	3	363	15	351	0	0	56	90	34	122	49
УИК №719	1878	1700	0	359	5	1336	5	359	10	354	0	0	28	97	28	158	43
УИК №720	1841	1800	0	494	2	1304	2	494	6	490	0	0	42	194	45	165	44
УИК №721	1596	1500	0	328	7	1165	7	328	6	329	0	0	27	117	28	115	42
УИК №722	1438	1300	0	385	11	904	11	385	5	391	0	0	32	139	23	158	39
УИК №723	2641	2400	0	549	11	1840	11	549	12	548	0	0	61	163	50	215	59
УИК №724	2753	2500	0	693	8	1799	8	691	10	689	0	0	63	201	66	279	80
УИК №725	2287	2100	0	483	5	1612	5	483	4	484	0	0	39	142	35	213	55
УИК №726	2443	2200	0	577	7	1616	7	577	14	570	0	0	52	197	47	218	56
УИК №727	2220	2000	0	590	6	1404	6	590	16	580	0	0	48	175	50	257	50
УИК №728	1385	1300	0	271	2	1027	2	271	41	232	0	0	23	84	17	91	17
УИК №729	2291	2100	0	562	7	1531	7	561	5	563	0	0	55	174	51	222	61
УИК №730	1998	1800	0	463	6	1331	6	463	16	453	0	0	22	155	49	182	45
УИК №731	1981	1800	0	456	2	1342	2	456	7	451	0	0	36	138	35	198	44
УИК №732	1703	1600	0	368	3	1229	3	368	12	359	0	0	43	122	18	140	36
УИК №733	1942	1800	0	441	4	1355	4	441	3	442	0	0	49	150	36	169	38
УИК №734	1517	1300	0	289	10	1001	10	289	6	293	0	0	41	98	29	96	29
УИК №735	2544	2400	0	539	4	1857	4	539	12	531	0	0	52	190	57	178	54
УИК №736	1962	1800	0	337	6	1457	6	337	8	335	0	0	38	110	27	131	29
УИК №737	1927	1800	0	412	0	1388	0	412	12	400	0	0	37	127	45	144	47
УИК №738	1828	1700	0	329	4	1367	4	329	6	327	0	0	40	112	32	109	34
УИК №739	1711	1600	0	335	3	1262	3	335	10	328	0	0	28	111	35	116	38
УИК №740	1944	1800	0	392	1	1407	1	392	8	385	0	0	40	129	36	145	35
УИК №741	2800	2700	0	466	0	2234	0	466	11	455	0	0	56	156	37	149	57
УИК №742	2458	2200	0	370	6	1824	6	370	9	367	0	0	39	127	22	149	30
УИК №743	2162	2000	0	377	2	1621	2	377	10	369	0	0	41	123	38	137	30
УИК №744	1917	1800	0	406	0	1394	0	406	4	402	0	0	55	145	35	140	27
УИК №745	1970	1700	0	860	1	839	1	860	21	840	0	0	152	171	62	278	177
УИК №746	2039	1900	0	303	2	1595	2	303	15	290	0	0	35	113	16	80	46
УИК №747	2854	2800	0	711	0	2089	0	711	19	692	0	0	103	172	57	265	95
УИК №748	2822	2800	0	643	0	2157	0	643	23	620	0	0	90	178	63	209	80
УИК №749	2826	2800	0	839	0	1961	0	839	22	817	0	0	141	215	58	281	122
УИК №750	2799	2600	0	775	0	1825	0	775	17	758	0	0	100	225	44	293	96
																	
УИК №801	614	600	0	123	2	475	2	123	6	119	0	0	17	39	9	28	26
УИК №802	2748	2600	0	440	11	2149	11	440	13	438	0	0	60	155	30	146	47
УИК №803	1825	1700	0	421	1	1278	1	421	10	412	0	0	34	138	25	158	57
УИК №804	2510	2000	0	406	2	1592	2	405	5	402	0	0	20	23	33	307	19
УИК №805	1907	1800	0	349	3	1448	3	349	18	334	0	0	34	131	29	99	41
УИК №806	1911	1800	0	389	3	1408	3	389	13	379	0	0	47	138	24	125	45
УИК №807	2082	2000	0	410	4	1586	4	410	17	397	0	0	42	147	31	127	50
УИК №808	2714	2600	0	432	2	2166	2	432	4	430	0	0	54	182	34	97	63
УИК №809	1437	1400	0	318	4	1078	4	318	14	308	0	0	30	107	24	112	35
УИК №810	2217	2100	0	394	19	1687	19	394	10	403	0	0	40	61	32	233	37
УИК №811	660	600	0	120	39	441	39	120	5	154	0	0	15	49	13	62	15
УИК №812	719	700	0	206	0	494	0	206	7	199	0	0	20	55	13	84	27
УИК №813	1618	1600	0	381	0	1219	0	381	8	373	0	0	45	102	11	170	45
УИК №814	1939	1900	0	339	2	1559	2	339	9	332	0	0	33	111	37	116	35
УИК №815	1059	1000	0	211	4	785	4	211	7	208	0	0	27	79	22	58	22
УИК №816	3135	3000	0	484	1	2515	1	483	9	475	0	0	47	178	45	143	62
УИК №817	972	900	0	184	6	710	6	184	1	189	0	0	20	56	12	72	29
УИК №818	585	550	0	150	2	398	2	150	2	150	0	0	18	62	14	35	21
УИК №819	571	500	0	88	1	411	1	88	3	86	0	0	12	34	8	23	9
УИК №820	2483	2300	0	534	0	1766	0	534	0	534	0	0	43	39	17	401	34
УИК №821	613	570	0	399	140	31	140	399	39	500	0	0	42	56	21	338	43
УИК №822	1850	1800	0	293	0	1507	0	293	1	292	0	0	37	88	22	106	39
УИК №823	1633	1600	0	245	6	1349	6	245	7	244	0	0	27	89	16	86	26
УИК №824	1283	1100	0	235	1	864	1	235	3	233	0	0	23	81	11	88	30
УИК №825	2727	2500	0	483	14	2003	14	483	6	491	0	0	55	178	27	179	52
УИК №826	2327	2200	0	485	2	1713	2	485	12	475	0	0	45	151	38	193	48
УИК №827	2088	2000	0	480	1	1519	1	480	10	471	0	0	48	143	42	180	58
УИК №828	1930	1800	0	340	2	1458	2	340	8	334	0	0	43	125	24	111	31
УИК №829	858	800	0	126	4	670	4	126	3	127	0	0	9	40	2	61	15
УИК №830	2184	1900	0	581	2	1317	2	580	22	560	0	0	74	184	36	208	58
УИК №831	2394	2200	0	520	3	1677	3	520	30	493	0	0	40	155	50	200	48
УИК №832	1861	1800	0	398	6	1396	6	398	10	394	0	0	39	125	25	172	33
УИК №833	2214	2100	0	442	6	1652	6	442	4	444	0	0	21	62	19	324	18
УИК №834	2103	2000	0	416	6	1578	6	416	14	408	0	0	34	134	30	156	54
УИК №835	1944	1800	0	554	0	1246	0	552	8	544	0	0	50	182	39	222	51
УИК №836	976	900	0	227	2	671	2	227	4	225	0	0	20	82	10	86	27
УИК №837	1325	1200	0	319	4	877	4	319	2	321	0	0	46	29	11	216	19
УИК №838	1244	1300	0	285	10	1005	10	285	5	290	0	0	27	83	22	131	27
УИК №839	1560	1400	0	396	0	1004	0	396	13	383	0	0	32	88	22	203	38
УИК №840	2220	2100	0	553	6	1541	6	553	22	537	0	0	47	155	44	217	74
УИК №841	2002	1900	0	415	2	1483	2	415	6	411	0	0	30	134	44	168	35
УИК №842	2162	2100	0	445	0	1655	0	445	16	429	0	0	53	141	43	130	62
УИК №843	2422	2300	0	508	5	1787	5	508	19	494	0	0	46	151	43	205	49
УИК №844	1990	1900	0	355	2	1543	2	355	6	351	0	0	44	124	29	112	42
УИК №845	1954	1900	0	299	2	1599	2	299	8	293	0	0	43	101	32	81	36
УИК №846	1349	1400	0	255	0	1145	0	255	3	252	0	0	27	89	21	79	36
УИК №847	1854	1800	0	507	10	1283	10	507	3	514	0	0	25	144	28	279	38
УИК №848	1884	1800	0	403	0	1397	0	403	9	394	0	0	37	103	26	193	35
УИК №849	1603	1400	0	358	48	994	48	358	5	401	0	0	39	98	29	200	35
УИК №880	237	240	0	95	99	46	99	95	5	189	0	0	19	45	9	94	22
УИК №881	103	100	0	86	10	4	10	86	6	90	0	0	12	19	6	37	16
УИК №882	88	87	0	87	0	0	0	87	7	80	0	0	13	15	3	38	11
УИК №883	68	70	0	49	3	18	3	49	5	47	0	0	4	10	1	22	10
																	
УИК №901	1717	1500	0	329	2	1169	2	329	8	323	0	0	43	115	24	99	42
УИК №902	2315	2000	0	537	5	1458	5	537	16	526	0	0	66	194	30	198	38
УИК №903	2318	2000	0	431	3	1566	3	431	10	424	0	0	32	141	37	165	49
УИК №904	2235	2000	0	495	6	1499	6	488	18	476	0	0	59	172	29	155	61
УИК №905	2386	2000	0	584	29	1387	29	584	10	603	0	0	56	195	59	226	67
УИК №906	2093	2000	0	572	7	1421	7	572	14	565	0	0	33	182	38	257	55
УИК №907	1344	1000	0	325	7	668	7	325	10	322	0	0	30	110	16	124	42
УИК №908	1155	1000	0	240	4	756	4	240	5	239	0	0	16	79	25	90	29
УИК №909	1077	1000	0	224	10	766	10	224	5	229	0	0	22	72	17	95	23
УИК №910	1488	1200	0	337	0	863	0	337	7	330	0	0	40	123	25	102	40
УИК №911	1369	1200	0	261	5	934	5	261	6	260	0	0	28	88	22	98	24
УИК №912	1383	1200	0	276	36	888	36	276	13	299	0	0	27	96	28	114	34
УИК №913	1013	900	0	264	23	613	23	264	3	284	0	0	21	94	14	120	35
УИК №914	2098	2000	0	514	8	1478	8	513	14	507	0	0	44	164	36	207	56
УИК №915	1525	1500	0	437	7	1056	7	435	13	429	0	0	37	129	33	174	56
УИК №916	1323	1260	0	347	14	899	14	347	4	357	0	0	32	106	26	150	43
УИК №917	1379	1200	0	371	12	817	12	371	10	373	0	0	45	133	23	131	41
УИК №918	1920	1800	0	464	5	1331	5	464	21	448	0	0	37	164	29	175	43
УИК №919	903	800	0	206	4	590	4	206	6	204	0	0	17	73	25	76	13
УИК №920	1824	1800	0	387	1	1412	1	387	9	379	0	0	40	129	31	145	34
УИК №921	1812	1500	0	479	2	1019	2	479	15	466	0	0	39	190	38	169	30
УИК №922	2127	2000	0	432	8	1560	8	432	10	430	0	0	31	150	27	187	35
УИК №923	693	600	0	137	3	460	3	137	4	136	0	0	17	44	14	37	24
УИК №924	1504	1500	0	200	36	1264	36	200	18	218	0	0	17	49	9	116	27
УИК №925	1421	1200	0	386	21	793	21	386	20	387	0	0	48	87	16	186	50
УИК №926	298	290	0	116	0	174	0	116	9	107	0	0	8	12	3	70	14
УИК №980	967	1300	0	743	30	527	30	739	87	682	0	0	108	223	40	210	101
УИК №981	170	200	0	154	0	46	0	154	0	154	0	0	19	45	11	67	12
УИК №5801	20	20	0	19	0	1	0	19	2	17	0	0	3	3	0	10	1
УИК №5802	17	17	0	17	0	0	0	17	0	17	0	0	3	2	1	9	2
УИК №5804	22	22	0	22	0	0	0	22	0	22	0	0	2	2	0	7	11
УИК №5805	16	16	0	16	0	0	0	16	0	16	0	0	1	4	1	6	4
УИК №5806	14	14	0	14	0	0	0	14	0	14	0	0	6	4	1	3	0
УИК №5807	12	12	0	12	0	0	0	12	0	12	0	0	2	1	1	7	1
УИК №5808	14	14	0	14	0	0	0	14	0	14	0	0	3	6	0	4	1
УИК №5809	17	17	0	17	0	0	0	17	0	17	0	0	1	0	1	14	1
УИК №5810	18	18	0	18	0	0	0	18	1	17	0	0	2	2	0	11	2
УИК №5811	19	19	0	19	0	0	0	19	0	19	0	0	1	3	0	14	1
УИК №5812	17	17	0	17	0	0	0	17	1	16	0	0	1	2	0	12	1
УИК №5813	16	16	0	16	0	0	0	16	0	16	0	0	2	0	1	12	1
УИК №5814	76	76	0	76	0	0	0	76	0	76	0	0	1	0	0	75	0
УИК №5815	107	107	0	107	0	0	0	107	1	106	0	0	3	2	0	101	0
УИК №5816	65	65	0	65	0	0	0	65	12	53	0	0	2	3	1	47	0
УИК №5817	54	54	0	54	0	0	0	54	0	54	0	0	3	2	4	40	5
УИК №5818	14	14	0	14	0	0	0	14	0	14	0	0	3	8	0	2	1
УИК №5819	57	57	0	57	0	0	0	57	0	57	0	0	0	0	0	57	0
УИК №5820	29	29	0	29	0	0	0	29	1	28	0	0	2	1	5	19	1
УИК №5821	25	25	0	25	0	0	0	25	0	25	0	0	2	2	1	20	0
УИК №5822	75	75	0	75	0	0	0	75	0	75	0	0	1	0	0	73	1
УИК №5823	65	65	0	63	0	2	0	63	0	63	0	0	2	2	0	59	0
УИК №5824	76	76	0	76	0	0	0	76	0	76	0	0	1	1	0	73	1
УИК №5825	12	12	0	12	0	0	0	12	0	12	0	0	2	0	0	10	0
УИК №5826	75	75	0	35	0	40	0	35	0	35	0	0	5	10	1	15	4
УИК №5828	24	24	0	24	0	0	0	24	0	24	0	0	1	4	2	17	0
УИК №5829	51	51	0	51	0	0	0	51	4	47	0	0	12	4	7	17	7
УИК №5830	22	22	0	22	0	0	0	22	0	22	0	0	11	4	3	2	2
УИК №5831	14	14	0	14	0	0	0	14	0	14	0	0	0	14	0	0	0
УИК №5832	9	9	0	9	0	0	0	9	0	9	0	0	0	5	0	1	3
УИК №5833	18	18	0	18	0	0	0	18	0	18	0	0	0	0	0	14	4
УИК №5834	22	22	0	22	0	0	0	22	2	20	0	0	1	3	1	10	5
УИК №5835	19	19	0	19	0	0	0	19	5	14	0	0	2	2	1	6	3
УИК №5836	17	17	0	17	0	0	0	17	0	17	0	0	0	6	1	4	6
УИК №5837	23	23	0	23	0	0	0	23	0	23	0	0	2	0	1	19	1
УИК №5838	14	14	0	14	0	0	0	14	0	14	0	0	2	4	3	2	3
УИК №5839	17	17	0	10	0	7	0	10	0	10	0	0	0	0	4	5	1
УИК №5842	17	17	0	17	0	0	0	17	0	17	0	0	0	0	0	17	0
УИК №5843	30	30	0	30	0	0	0	30	0	30	0	0	1	0	0	28	1
УИК №5844	331	331	0	326	0	5	0	326	44	282	0	0	40	40	23	111	68
УИК №5851	16	16	0	15	0	1	0	15	0	15	0	0	2	1	3	9	0
УИК №5853	31	31	0	31	0	0	0	31	2	29	0	0	2	8	3	14	2
УИК №5854	14	14	0	14	0	0	0	14	0	14	0	0	4	2	5	1	2
УИК №5855	20	20	0	20	0	0	0	20	5	15	0	0	0	5	2	6	2
УИК №5856	20	20	0	20	0	0	0	20	0	20	0	0	2	2	2	12	2
УИК №5857	23	23	0	23	0	0	0	23	0	23	0	0	2	1	1	18	1
УИК №5858	19	19	0	19	0	0	0	19	0	19	0	0	0	0	0	19	0
УИК №5859	21	21	0	21	0	0	0	21	0	21	0	0	0	0	0	21	0
УИК №5861	17	17	0	17	0	0	0	17	0	17	0	0	0	16	0	1	0
УИК №5862	25	25	0	25	0	0	0	25	0	25	0	0	2	2	0	20	1
УИК №5864	13	13	0	13	0	0	0	13	0	13	0	0	1	10	1	0	1
УИК №5865	28	28	0	28	0	0	0	28	2	26	0	0	0	10	4	6	6
УИК №5866	24	24	0	24	0	0	0	24	1	23	0	0	0	2	1	17	3
УИК №5867	25	25	0	25	0	0	0	25	2	23	0	0	8	1	0	12	2
УИК №5868	25	25	0	25	0	0	0	25	0	25	0	0	0	0	0	25	0
УИК №5869	24	24	0	24	0	0	0	24	0	24	0	0	0	0	0	24	0
УИК №5870	27	27	0	27	0	0	0	27	0	27	0	0	0	0	0	27	0
УИК №5871	25	25	0	25	0	0	0	25	0	25	0	0	0	1	0	24	0
УИК №5872	28	28	0	28	0	0	0	28	0	28	0	0	0	0	0	28	0
УИК №5873	26	26	0	26	0	0	0	26	0	26	0	0	0	0	0	26	0
УИК №5874	24	24	0	24	0	0	0	24	0	24	0	0	0	0	1	23	0
УИК №5875	32	32	0	32	0	0	0	32	0	32	0	0	2	2	0	28	0
УИК №5876	26	26	0	26	0	0	0	26	0	26	0	0	0	0	0	26	0
УИК №5877	27	27	0	27	0	0	0	27	0	27	0	0	0	0	0	26	1
УИК №5878	16	16	0	16	0	0	0	16	0	16	0	0	0	0	0	16	0
УИК №5879	23	23	0	23	0	0	0	23	0	23	0	0	0	0	0	23	0
УИК №5880	25	25	0	25	0	0	0	25	0	25	0	0	0	0	0	25	0
УИК №5881	28	28	0	28	0	0	0	28	0	28	0	0	0	0	0	28	0
УИК №5883	33	33	0	33	0	0	0	33	0	33	0	0	0	3	5	17	8
УИК №5884	24	24	0	24	0	0	0	24	0	24	0	0	2	1	4	13	4
УИК №5885	21	21	0	21	0	0	0	21	0	21	0	0	8	2	0	7	4
УИК №5886	22	22	0	22	0	0	0	22	0	22	0	0	4	2	0	15	1
УИК №5887	22	22	0	22	0	0	0	22	3	19	0	0	1	8	1	7	2
УИК №5888	18	18	0	18	0	0	0	18	1	17	0	0	0	0	6	10	1
УИК №5889	21	21	0	21	0	0	0	21	0	21	0	0	3	2	1	12	3
УИК №5890	21	21	0	21	0	0	0	21	0	21	0	0	0	0	0	21	0
УИК №5891	23	23	0	23	0	0	0	23	0	23	0	0	0	0	0	23	0
УИК №5892	11	11	0	10	0	1	0	10	0	10	0	0	7	2	0	1	0
УИК №5893	9	9	0	9	0	0	0	9	0	9	0	0	0	0	0	1	8
УИК №5894	16	16	0	16	0	0	0	16	0	16	0	0	2	2	3	6	3
УИК №5895	16	16	0	15	0	1	0	15	0	15	0	0	2	7	1	3	2
УИК №5896	14	14	0	14	0	0	0	14	0	14	0	0	4	2	0	8	0
УИК №5897	5	5	0	5	0	0	0	5	0	5	0	0	1	0	0	1	3
УИК №5899	15	15	0	13	0	2	0	13	0	13	0	0	2	4	2	2	3
УИК №5900	14	14	0	14	0	0	0	14	2	12	0	0	1	4	2	4	1
УИК №5901	20	20	0	20	0	0	0	20	1	19	0	0	4	6	2	2	5
УИК №5902	14	14	0	14	0	0	0	14	3	11	0	0	0	3	1	4	3
УИК №5903	21	21	0	21	0	0	0	21	0	21	0	0	2	3	1	13	2
УИК №5904	24	24	0	24	0	0	0	24	8	16	0	0	1	5	0	4	6
УИК №5905	39	39	0	39	0	0	0	39	3	36	0	0	6	6	3	11	10
УИК №5906	50	50	0	50	0	0	0	50	5	45	0	0	10	6	2	22	5
УИК №5907	120	120	0	116	0	4	0	116	2	114	0	0	10	11	5	78	10
УИК №5908	130	130	0	130	0	0	0	130	5	125	0	0	13	25	7	75	5
УИК №5909	15	15	0	15	0	0	0	15	0	15	0	0	0	2	0	13	0
УИК №5910	21	21	0	21	0	0	0	21	0	21	0	0	0	0	1	18	2
УИК №5911	21	21	0	21	0	0	0	21	0	21	0	0	1	0	0	20	0
УИК №5912	48	48	0	48	0	0	0	48	0	48	0	0	12	6	2	23	5
УИК №5913	17	17	0	17	0	0	0	17	0	17	0	0	2	5	4	1	5
УИК №5915	13	13	0	13	0	0	0	13	0	13	0	0	2	6	0	5	0
УИК №5916	15	15	0	15	0	0	0	15	0	15	0	0	2	3	0	9	1
УИК №5917	12	12	0	12	0	0	0	12	1	11	0	0	0	1	4	3	3
УИК №5918	13	13	0	13	0	0	0	13	0	13	0	0	1	0	0	11	1
УИК №5919	13	13	0	13	0	0	0	13	0	13	0	0	1	3	2	6	1
УИК №5920	12	12	0	12	0	0	0	12	0	12	0	0	1	0	0	9	2
УИК №5921	13	13	0	13	0	0	0	13	0	13	0	0	1	5	1	4	2
УИК №5922	21	21	0	21	0	0	0	21	1	20	0	0	1	7	1	9	2
УИК №5923	24	24	0	24	0	0	0	24	0	24	0	0	3	4	1	15	1
УИК №5924	10	10	0	10	0	0	0	10	0	10	0	0	0	0	0	10	0
УИК №5925	21	21	0	21	0	0	0	21	0	21	0	0	5	1	2	9	4
УИК №5926	15	15	0	15	0	0	0	15	1	14	0	0	1	2	0	11	0
УИК №5927	6	6	0	6	0	0	0	6	0	6	0	0	0	2	2	2	0
УИК №5928	33	34	0	33	0	1	0	33	0	33	0	0	3	3	3	23	1
УИК №5929	21	21	0	21	0	0	0	21	0	21	0	0	0	0	0	21	0
УИК №5930	27	27	0	27	0	0	0	27	0	27	0	0	7	1	0	12	7
УИК №5931	30	30	0	30	0	0	0	30	3	27	0	0	6	5	1	12	3
УИК №5932	19	19	0	19	0	0	0	19	0	19	0	0	2	3	3	7	4
УИК №5933	18	18	0	18	0	0	0	18	0	18	0	0	0	0	0	17	1
УИК №5934	15	15	0	15	0	0	0	15	0	15	0	0	1	5	3	2	4
УИК №5935	25	25	0	25	0	0	0	25	1	24	0	0	1	2	3	15	3
УИК №5936	11	11	0	11	0	0	0	11	2	9	0	0	3	3	0	3	0
УИК №5937	11	11	0	11	0	0	0	11	0	11	0	0	3	0	0	7	1
УИК №5938	9	9	0	9	0	0	0	9	0	9	0	0	2	0	1	4	2
УИК №5940	7	7	0	7	0	0	0	7	0	7	0	0	0	7	0	0	0
УИК №5941	10	10	0	10	0	0	0	10	0	10	0	0	2	1	1	6	0
УИК №5942	16	16	0	16	0	0	0	16	0	16	0	0	9	2	0	3	2
УИК №5943	7	7	0	7	0	0	0	7	0	7	0	0	0	1	1	0	5
УИК №5944	58	58	0	58	0	0	0	58	0	58	0	0	3	4	0	29	22
УИК №5945	64	64	0	64	0	0	0	64	0	64	0	0	15	4	5	25	15
УИК №5946	16	16	0	16	0	0	0	16	0	16	0	0	2	4	0	10	0
УИК №5947	75	75	0	71	0	4	0	71	8	63	0	0	1	1	0	61	0
УИК №5948	48	48	0	48	0	0	0	48	1	47	0	0	4	13	2	18	10
УИК №5949	46	46	0	46	0	0	0	46	0	46	0	0	7	5	2	29	3
УИК №5950	36	36	0	36	0	0	0	36	1	35	0	0	1	2	2	28	2
УИК №5951	17	17	0	17	0	0	0	17	2	15	0	0	3	1	0	10	1
УИК №5952	18	18	0	12	0	6	0	12	1	11	0	0	1	2	1	6	1
УИК №5953	16	16	0	16	0	0	0	16	0	16	0	0	1	5	0	9	1
УИК №5954	14	14	0	14	0	0	0	14	0	14	0	0	2	1	1	8	2
																	
УИК №1001	1933	1900	0	517	56	1327	56	517	19	554	0	0	51	126	16	276	85
УИК №1002	832	800	0	192	15	593	15	192	6	201	0	0	12	45	12	104	28
УИК №1003	1146	1100	0	221	3	876	3	221	7	217	0	0	18	74	9	99	17
УИК №1004	1799	1800	0	400	3	1397	3	400	11	392	0	0	26	106	21	167	72
УИК №1005	1949	1900	0	483	6	1411	6	483	13	476	0	0	40	154	22	193	67
УИК №1006	1744	1700	0	470	8	1222	8	470	14	464	0	0	32	130	22	231	49
УИК №1007	1752	1700	0	424	4	1272	4	424	14	414	0	0	36	113	22	177	66
УИК №1008	1622	1600	0	356	5	1239	5	356	7	354	0	0	17	107	20	164	46
УИК №1009	1764	1700	0	444	6	1250	6	444	8	442	0	0	23	124	19	217	59
УИК №1010	1706	1700	0	364	3	1333	3	364	14	353	0	0	26	111	22	147	47
УИК №1011	1964	1700	0	393	5	1302	5	393	10	388	0	0	28	127	29	167	37
УИК №1012	1904	1800	0	492	61	1247	61	492	15	538	0	0	51	140	23	262	62
УИК №1013	1864	1800	0	352	7	1441	7	352	6	353	0	0	17	113	14	164	45
УИК №1014	1840	1800	0	397	4	1399	4	397	13	388	0	0	29	115	21	178	45
УИК №1015	1754	1700	0	428	2	1270	2	428	16	414	0	0	31	144	19	174	46
УИК №1016	1682	1700	0	394	3	1303	3	394	24	373	0	0	22	132	15	164	40
УИК №1017	1909	1900	0	438	5	1457	5	438	21	422	0	0	33	131	29	186	43
УИК №1018	1876	1800	0	404	9	1387	9	404	21	392	0	0	27	135	18	184	28
УИК №1019	1864	1800	0	426	14	1360	14	426	4	436	0	0	36	122	18	197	63
УИК №1020	1099	1000	0	294	9	697	9	294	10	293	0	0	26	66	12	150	39
УИК №1021	1649	1600	0	398	32	1170	32	398	8	422	0	0	25	111	18	246	22
УИК №1022	1138	1100	0	313	13	774	13	313	14	312	0	0	27	75	18	150	42
УИК №1023	605	500	0	136	4	360	4	136	4	136	0	0	12	40	2	68	14
УИК №1024	463	400	0	43	11	346	11	43	1	53	0	0	1	21	0	27	4
																	
УИК №1101	1317	1290	0	457	53	780	53	457	31	479	0	0	43	121	18	254	43
УИК №1102	1331	1360	0	507	35	818	35	507	24	518	0	0	38	140	28	246	66
УИК №1103	1333	1370	0	593	22	755	22	593	25	590	0	0	72	145	30	284	59
УИК №1104	1292	1310	0	521	15	774	15	521	10	526	0	0	39	135	14	287	51
УИК №1105	861	875	0	300	21	554	21	300	10	311	0	0	32	85	9	139	46
УИК №1106	1252	1250	0	272	25	953	25	272	20	277	0	0	24	83	9	128	33
УИК №1107	1198	1210	0	355	15	840	15	355	11	359	0	0	42	96	14	161	46
УИК №1108	1097	1100	0	327	22	751	22	327	12	337	0	0	24	100	21	149	43
УИК №1109	1056	1070	0	325	21	724	21	325	15	331	0	0	27	106	20	137	41
УИК №1110	1239	1245	0	326	27	892	27	326	8	345	0	0	47	78	15	166	39
УИК №1111	1349	1370	0	378	52	940	52	378	23	407	0	0	52	99	11	200	45
УИК №1112	1277	1290	0	311	88	891	88	311	19	380	0	0	50	85	13	187	45
УИК №1113	1190	1195	0	289	27	879	27	289	7	309	0	0	37	74	10	155	33
УИК №1114	1044	1050	0	321	22	707	22	321	14	329	0	0	31	74	16	164	44
УИК №1115	1186	1200	0	381	9	810	9	381	17	373	0	0	33	114	18	172	36
УИК №1116	1030	1035	0	245	14	776	14	245	11	248	0	0	31	84	9	95	29
УИК №1117	1115	1135	0	310	125	700	125	310	23	412	0	0	63	81	18	206	44
УИК №1118	670	685	0	231	39	415	39	231	19	251	0	0	26	53	8	134	30
УИК №1119	325	330	0	100	29	201	29	100	10	119	0	0	16	22	8	59	14
УИК №1120	105	100	0	46	3	51	3	46	1	48	0	0	1	11	1	30	5
УИК №1121	945	955	0	302	135	518	135	302	24	413	0	0	37	95	9	224	48
УИК №1122	321	325	0	151	6	168	6	151	16	141	0	0	15	26	5	73	22
																	
УИК №1201	386	400	0	103	30	267	30	103	0	133	0	0	7	25	1	85	15
УИК №1202	178	180	0	54	13	113	13	54	2	65	0	0	4	11	2	42	6
УИК №1203	147	150	0	51	4	95	4	51	4	51	0	0	8	7	3	27	6
УИК №1204	240	250	0	106	18	126	18	106	5	119	0	0	10	21	8	69	11
УИК №1205	229	250	0	85	6	159	6	85	3	88	0	0	7	16	2	55	8
УИК №1206	214	250	0	61	12	177	12	61	0	73	0	0	5	9	0	57	2
УИК №1207	1272	1000	0	217	33	750	33	217	1	249	0	0	26	89	9	112	13
УИК №1208	1348	1000	0	277	31	692	31	277	9	299	0	0	15	86	21	154	23
УИК №1209	1047	1000	0	244	7	749	7	244	8	243	0	0	29	80	15	97	22
УИК №1210	545	520	0	132	4	384	4	132	5	131	0	0	16	35	6	62	12
УИК №1211	1210	1000	0	420	22	558	22	420	10	432	0	0	37	103	25	233	34
УИК №1212	1187	1000	0	395	6	599	6	395	9	392	0	0	27	108	42	190	25
УИК №1213	1104	1000	0	429	18	553	18	429	17	430	0	0	29	142	29	185	45
УИК №1214	1184	1000	0	454	19	527	19	454	11	462	0	0	24	119	26	230	63
УИК №1215	1209	1000	0	370	20	610	20	370	15	375	0	0	32	113	30	165	35
УИК №1216	1306	1000	0	443	13	544	13	443	20	436	0	0	27	146	26	190	47
УИК №1217	1294	1000	0	259	13	728	13	259	6	266	0	0	18	96	17	104	31
УИК №1218	1324	1000	0	268	21	711	21	268	9	280	0	0	28	85	26	123	18
УИК №1219	1339	1000	0	357	13	630	13	357	17	353	0	0	26	68	48	179	32
УИК №1220	728	700	0	153	5	542	5	153	2	156	0	0	13	38	14	72	19
УИК №1221	546	500	0	166	19	315	19	166	11	174	0	0	18	43	4	95	14
УИК №1222	705	700	0	186	19	495	19	186	3	202	0	0	14	68	23	82	15
УИК №1223	676	600	0	146	16	438	16	146	8	154	0	0	18	36	11	73	16
УИК №1224	1181	1000	0	293	30	677	30	292	15	307	0	0	27	77	13	156	34
УИК №1225	639	600	0	212	2	386	2	212	2	212	0	0	13	73	11	102	13
УИК №1280	59	150	0	43	15	92	15	43	2	56	0	0	5	17	1	24	9
																	
УИК №1301	397	350	0	118	7	225	7	118	4	121	0	0	10	22	2	81	6
УИК №1302	154	140	0	57	4	79	4	57	2	59	0	0	10	6	0	34	9
УИК №1303	348	320	0	101	17	202	17	101	2	116	0	0	9	13	3	81	10
УИК №1304	82	70	0	26	2	42	2	26	0	28	0	0	1	3	0	22	2
УИК №1305	114	100	0	39	4	57	4	39	1	42	0	0	1	3	0	26	12
УИК №1306	171	160	0	43	5	112	5	43	1	47	0	0	1	5	0	34	7
УИК №1307	710	670	0	205	16	449	16	205	6	215	0	0	23	43	1	131	17
УИК №1308	173	150	0	70	8	72	8	70	0	78	0	0	9	9	3	47	10
УИК №1309	1041	1000	0	259	13	728	13	259	4	268	0	0	29	40	4	153	42
УИК №1310	437	400	0	128	9	263	9	128	2	135	0	0	13	18	2	87	15
УИК №1311	556	550	0	121	5	424	5	121	1	125	0	0	12	17	1	79	16
УИК №1312	1033	1000	0	258	8	734	8	258	9	257	0	0	31	46	12	125	43
УИК №1313	651	600	0	131	6	463	6	131	5	132	0	0	10	27	3	74	18
УИК №1314	830	800	0	270	5	525	5	270	8	267	0	0	19	56	9	143	40
УИК №1315	404	400	0	142	5	253	5	142	1	146	0	0	18	30	1	76	21
УИК №1316	895	850	0	314	5	531	5	314	9	310	0	0	29	56	13	173	39
УИК №1317	446	400	0	121	10	269	10	121	2	129	0	0	10	34	2	67	16
УИК №1318	550	500	0	124	4	372	4	124	1	127	0	0	14	11	2	80	20
УИК №1319	523	500	0	97	1	402	1	97	4	94	0	0	9	23	3	47	12
УИК №1320	445	400	0	92	21	287	21	92	9	104	0	0	8	9	1	74	12
УИК №1321	252	230	0	58	2	170	2	58	6	54	0	0	3	6	0	42	3
УИК №1322	394	380	0	89	19	272	19	89	2	106	0	0	17	19	3	56	11
УИК №1323	867	800	0	212	40	548	40	212	13	239	0	0	23	29	4	157	26
УИК №1324	296	280	0	105	26	149	26	105	12	119	0	0	6	15	3	80	15
УИК №1325	83	70	10	12	2	46	12	12	0	24	0	0	1	4	0	16	3
УИК №1326	80	70	0	31	5	34	5	31	9	27	0	0	4	0	2	19	2
УИК №1327	277	260	0	59	2	199	2	59	6	55	0	0	6	5	1	26	17
УИК №1328	78	70	0	32	9	29	9	32	1	40	0	0	5	4	3	22	6
УИК №1329	161	150	0	57	10	83	10	57	1	66	0	0	15	16	0	28	7
УИК №1330	303	280	13	111	18	138	31	111	8	134	0	0	9	25	3	84	13
УИК №1331	85	80	0	26	3	51	3	26	1	28	0	0	0	2	0	21	5
УИК №1332	553	500	0	185	11	304	11	185	4	192	0	0	42	27	6	87	30
УИК №1333	915	900	0	333	3	564	3	333	9	327	0	0	38	48	5	190	46
УИК №1334	383	350	0	108	4	238	4	108	3	109	0	0	3	17	5	73	11
УИК №1335	555	500	0	161	2	337	2	161	3	160	0	0	15	36	5	74	30
УИК №1336	351	320	0	111	4	205	4	111	7	108	0	0	12	30	1	49	16
УИК №1337	376	350	0	84	6	260	6	84	1	89	0	0	11	15	3	49	11
УИК №1338	403	350	0	79	5	266	5	79	2	82	0	0	8	13	1	45	15
УИК №1339	882	800	0	281	13	506	13	281	10	284	0	0	26	46	5	174	33
УИК №1380	51	500	0	51	0	449	0	51	0	51	0	0	7	16	4	18	6
																	
УИК №1401	510	520	0	223	9	288	9	223	12	220	0	0	11	21	1	152	35
УИК №1402	105	100	0	51	5	44	5	51	2	54	0	0	2	2	1	42	7
УИК №1403	237	240	0	116	4	120	4	116	2	118	0	0	11	31	1	57	18
УИК №1404	113	115	0	37	0	78	0	37	8	29	0	0	0	2	2	19	6
УИК №1405	65	65	0	25	0	40	0	25	1	24	0	0	4	5	0	11	4
УИК №1406	53	55	0	14	10	31	10	14	4	20	0	0	1	1	0	14	4
УИК №1407	340	345	0	131	22	192	22	131	11	142	0	0	11	27	3	67	34
УИК №1408	189	190	0	91	9	90	9	91	15	85	0	0	8	7	0	57	13
УИК №1409	234	235	0	61	1	173	1	61	1	61	0	0	4	6	1	41	9
УИК №1410	209	215	0	80	17	118	17	80	6	91	0	0	6	13	1	57	14
УИК №1411	2878	2900	0	1187	29	1684	29	1187	47	1169	0	0	103	260	40	656	110
УИК №1412	104	100	0	36	7	57	7	36	0	43	0	0	4	12	1	22	4
УИК №1413	190	205	0	98	3	104	3	98	13	88	0	0	8	10	7	40	23
УИК №1414	59	55	0	21	4	30	4	21	0	25	0	0	3	1	0	14	7
УИК №1415	709	715	0	179	6	530	6	179	12	173	0	0	14	37	4	80	38
УИК №1416	1737	1750	0	475	17	1258	17	475	26	466	0	0	34	96	9	262	65
УИК №1417	1188	1225	0	369	10	846	10	369	24	355	0	0	37	86	13	178	41
УИК №1418	219	215	0	60	2	153	2	60	5	57	0	0	3	16	0	31	7
УИК №1419	400	400	0	130	7	263	7	130	13	124	0	0	5	26	4	71	18
УИК №1420	193	200	17	89	12	82	29	89	4	114	0	0	9	6	2	80	17
УИК №1421	1035	1045	0	373	63	609	63	373	18	418	0	0	40	89	9	220	60
УИК №1422	1303	1310	0	497	9	804	9	496	24	481	0	0	26	109	40	237	69
УИК №1423	529	535	0	157	15	363	15	157	13	159	0	0	9	9	10	106	25
УИК №1424	1452	1480	0	538	11	931	11	538	21	528	0	0	29	108	35	251	105
УИК №1425	178	185	0	79	2	104	2	79	1	80	0	0	3	17	4	49	7
																	
УИК №1501	774	815	0	288	13	514	13	288	16	285	0	0	13	68	11	166	27
УИК №1502	131	137	0	27	0	110	0	27	1	26	0	0	2	7	0	12	5
УИК №1503	724	781	0	259	5	517	5	259	13	251	0	0	13	63	7	137	31
УИК №1504	218	234	0	39	0	195	0	39	1	38	0	0	2	4	0	20	12
УИК №1505	764	803	0	244	13	546	13	244	13	244	0	0	14	48	9	148	25
УИК №1506	768	797	0	261	2	534	2	261	11	252	0	0	18	59	7	144	24
УИК №1507	719	762	0	267	5	490	5	267	13	259	0	0	10	64	5	144	36
УИК №1508	701	742	0	223	5	514	5	223	14	214	0	0	13	80	5	100	16
УИК №1509	470	458	0	196	24	238	24	196	12	208	0	0	15	35	9	133	16
УИК №1510	106	100	0	84	3	13	3	84	0	87	0	0	5	13	1	65	3
УИК №1511	275	278	0	102	8	168	8	102	3	107	0	0	13	35	1	48	10
УИК №1512	122	115	0	47	4	64	4	47	1	50	0	0	3	14	1	26	6
УИК №1513	699	713	0	294	14	405	14	294	15	293	0	0	28	73	8	145	39
УИК №1514	426	437	0	193	18	226	18	193	6	205	0	0	19	39	3	114	30
УИК №1515	532	535	0	194	5	336	5	194	6	193	0	0	25	46	5	98	19
УИК №1516	472	467	0	201	32	234	32	201	13	220	0	0	20	53	10	111	26
УИК №1517	558	573	0	209	19	345	19	209	7	221	0	0	19	52	10	102	38
УИК №1518	141	138	0	56	6	76	6	56	0	62	0	0	5	4	1	49	3
УИК №1519	280	286	0	100	9	177	9	100	6	103	0	0	11	10	2	71	9
УИК №1520	297	299	0	148	2	149	2	148	8	142	0	0	6	26	7	92	11
УИК №1521	108	107	0	40	2	65	2	40	3	39	0	0	2	12	1	23	1
УИК №1522	269	277	0	97	12	168	12	97	4	105	0	0	11	29	2	52	11
УИК №1523	443	454	0	161	9	284	9	161	9	161	0	0	13	46	8	78	16
УИК №1524	169	169	0	115	0	54	0	115	0	115	0	0	1	14	5	89	6
УИК №1525	229	234	0	63	1	170	1	63	2	62	0	0	4	15	0	38	5
УИК №1526	243	268	0	44	3	221	3	44	3	44	0	0	2	14	1	24	3
УИК №1527	252	257	0	85	9	163	9	85	7	87	0	0	3	22	2	47	13
																	
УИК №1601	1690	1600	0	412	15	1173	15	412	18	409	0	0	48	124	17	152	68
УИК №1602	1694	1600	0	406	9	1185	9	406	23	392	0	0	44	119	17	159	53
УИК №1603	1814	1700	0	490	40	1170	40	490	33	497	0	0	69	171	13	171	73
УИК №1604	893	800	0	209	2	589	2	209	11	200	0	0	19	63	4	74	40
УИК №1605	870	800	0	267	16	517	16	267	16	267	0	0	30	58	10	106	63
УИК №1606	1224	1200	0	437	13	750	13	437	36	414	0	0	42	94	11	201	66
УИК №1607	548	500	0	185	3	312	3	185	10	178	0	0	19	66	3	63	27
УИК №1608	1650	1600	0	523	15	1062	15	523	39	499	0	0	61	141	12	186	99
УИК №1609	1705	1600	0	663	29	908	29	663	14	678	0	0	59	174	17	323	105
УИК №1610	1660	1600	0	618	11	971	11	618	26	603	0	0	48	176	11	266	102
УИК №1611	1649	1600	0	646	13	941	13	646	30	629	0	0	53	179	14	294	89
УИК №1612	1805	1700	0	709	24	967	24	709	24	709	0	0	40	216	17	345	91
УИК №1613	1739	1700	0	580	7	1113	7	580	14	573	0	0	68	189	12	220	84
УИК №1614	915	900	0	263	22	615	22	263	7	278	0	0	30	79	10	120	39
УИК №1615	1090	1000	0	389	2	609	2	389	30	361	0	0	45	123	11	93	89
УИК №1616	1689	1600	0	659	9	932	9	659	44	624	0	0	87	163	13	275	86
УИК №1617	1546	1500	0	543	25	932	25	543	31	537	0	0	72	167	22	217	59
УИК №1618	1650	1600	0	462	9	1129	9	462	30	441	0	0	48	111	16	195	71
УИК №1619	1714	1600	0	600	33	967	33	600	21	612	0	0	94	196	25	237	60
УИК №1620	1617	1600	0	524	18	1058	18	523	20	521	0	0	77	128	8	207	101
УИК №1621	170	150	0	96	4	50	4	96	11	89	0	0	4	17	3	61	4
УИК №1622	84	80	0	54	3	23	3	54	2	55	0	0	7	19	1	23	5
УИК №1623	918	900	21	476	76	327	97	476	51	522	0	0	35	74	15	357	41
УИК №1624	292	250	0	146	9	95	9	146	11	144	0	0	12	16	2	98	16
УИК №1625	105	100	0	57	3	40	3	57	0	60	0	0	0	3	3	44	10
УИК №1626	172	150	0	76	7	67	7	76	7	76	0	0	8	3	3	55	7
УИК №1627	472	450	0	184	8	258	8	184	19	173	0	0	18	28	5	77	45
УИК №1628	87	70	0	32	7	31	7	32	2	37	0	0	2	10	0	21	4
УИК №1629	318	280	0	132	20	128	20	132	5	147	0	0	11	27	3	88	18
УИК №1630	522	500	11	208	10	271	21	208	25	204	0	0	19	40	5	104	36
УИК №1631	271	250	0	130	6	114	6	130	24	112	0	0	33	6	0	63	10
УИК №1632	450	450	0	197	19	234	19	197	9	207	0	0	70	25	3	86	23
УИК №1633	163	150	0	67	5	78	5	67	3	69	0	0	24	11	0	30	4
УИК №1634	746	700	9	251	14	426	23	251	26	248	0	0	51	49	7	114	27
УИК №1635	613	550	0	172	9	369	9	172	12	169	0	0	31	46	4	65	23
УИК №1636	607	550	0	136	36	378	36	136	12	160	0	0	24	32	5	82	17
УИК №1637	407	350	0	175	7	168	7	175	6	176	0	0	32	42	2	76	24
УИК №1680	32	35	0	30	0	5	0	30	0	30	0	0	0	9	1	18	2
УИК №1681	80	85	0	50	27	8	27	50	6	71	0	0	10	17	0	29	15
																	
УИК №1701	1439	1420	0	603	23	794	23	603	25	601	0	0	44	162	32	311	52
УИК №1702	1081	1060	0	251	43	766	43	251	17	277	0	0	37	73	14	129	24
УИК №1703	1520	1520	0	447	8	1065	8	447	27	428	0	0	46	124	18	201	39
УИК №1704	1528	1550	0	394	9	1147	9	394	15	388	0	0	54	90	20	186	38
УИК №1705	980	980	23	162	2	793	25	162	3	184	0	0	22	59	4	85	14
УИК №1706	511	500	0	99	13	388	13	99	5	107	0	0	15	29	4	50	9
УИК №1707	263	250	0	96	0	154	0	96	2	94	0	0	9	22	2	50	11
УИК №1708	353	350	0	91	9	250	9	91	6	94	0	0	13	14	1	58	8
УИК №1709	1349	1370	30	249	9	1082	39	249	19	269	0	0	33	32	10	156	38
УИК №1710	280	270	48	48	4	170	52	48	2	98	0	0	12	4	4	72	6
УИК №1711	128	110	0	32	1	77	1	32	1	32	0	0	2	3	0	23	4
УИК №1712	616	610	0	196	22	392	22	196	8	210	0	0	8	16	5	164	17
УИК №1713	617	600	0	249	27	324	27	249	32	244	0	0	18	20	5	179	22
УИК №1714	202	180	0	54	17	109	17	54	2	69	0	0	8	3	4	53	1
УИК №1715	1705	1700	102	332	14	1252	116	332	17	431	0	0	47	115	18	213	38
УИК №1716	1711	1720	0	526	19	1175	19	526	28	517	0	0	63	99	21	266	68
УИК №1717	1667	1660	0	500	11	1149	11	500	14	497	0	0	45	117	21	250	64
УИК №1718	1573	1570	0	440	16	1114	16	440	10	446	0	0	47	87	39	226	47
УИК №1719	874	880	0	173	50	657	50	173	20	203	0	0	23	35	6	122	17
УИК №1720	895	900	0	221	53	626	53	220	12	261	0	0	28	39	7	166	21
УИК №1721	1183	1180	0	261	55	864	55	261	15	301	0	0	28	41	27	167	38
УИК №1722	393	390	0	83	23	284	23	83	1	105	0	0	12	21	1	65	6
УИК №1723	408	380	0	198	0	182	0	198	14	184	0	0	17	33	11	91	32
УИК №1724	272	270	0	91	11	168	11	91	3	99	0	0	18	19	0	50	12
УИК №1725	1487	1510	0	455	49	1006	49	455	19	485	0	0	45	87	20	275	58
УИК №1726	603	610	0	135	17	458	17	135	10	142	0	0	13	28	5	80	16
УИК №1727	489	475	0	174	25	276	25	174	5	194	0	0	9	30	5	136	14
УИК №1728	99	85	0	63	2	20	2	63	0	65	0	0	9	12	2	37	5
УИК №1729	511	510	0	178	14	318	14	178	2	190	0	0	18	26	5	118	23
УИК №1730	148	145	0	54	12	79	12	54	1	65	0	0	3	9	0	47	6
УИК №1731	135	130	0	71	1	58	1	71	2	70	0	0	1	2	0	59	8
УИК №1732	1225	1220	0	406	8	806	8	406	19	395	0	0	31	122	22	190	30
УИК №1733	245	240	0	56	4	180	4	56	1	59	0	0	7	5	3	41	3
УИК №1734	340	335	0	107	15	213	15	107	8	114	0	0	20	16	6	61	11
УИК №1735	72	70	0	23	14	33	14	23	0	37	0	0	0	9	13	13	2
																	
УИК №1801	384	350	0	111	6	233	6	111	5	112	0	0	4	18	9	63	18
УИК №1802	151	130	0	77	13	40	13	77	13	77	0	0	12	11	15	30	9
УИК №1803	702	640	0	158	13	469	13	158	6	165	0	0	9	74	5	58	19
УИК №1804	395	350	0	99	7	244	7	99	4	102	0	0	6	27	11	49	9
УИК №1805	300	270	0	77	9	184	9	77	7	79	0	0	9	18	6	40	6
УИК №1806	179	160	0	39	10	111	10	39	2	47	0	0	5	9	1	22	10
УИК №1807	318	280	0	79	12	189	12	79	8	83	0	0	7	20	8	39	9
УИК №1808	1224	1100	0	411	8	681	8	411	15	404	0	0	40	102	45	166	51
УИК №1809	1080	970	0	257	8	705	8	257	14	251	0	0	26	80	16	97	32
УИК №1810	1051	960	0	272	6	682	6	272	8	270	0	0	32	87	17	100	34
УИК №1811	1558	1430	0	600	3	827	3	600	50	553	0	0	71	126	44	184	128
УИК №1812	761	680	0	199	10	471	10	199	11	198	0	0	30	60	16	67	25
УИК №1813	210	190	0	69	2	119	2	69	6	65	0	0	6	20	6	28	5
УИК №1814	1132	1025	0	388	21	616	21	388	30	379	0	0	65	89	19	163	43
УИК №1815	793	715	0	180	18	517	18	180	7	191	0	0	25	58	11	71	26
УИК №1816	1638	1450	0	416	5	1029	5	416	14	407	0	0	38	131	32	157	49
УИК №1817	1752	1565	0	595	10	960	10	595	29	576	0	0	51	176	47	241	61
УИК №1818	2998	2685	0	1162	7	1516	7	1161	38	1130	0	0	83	361	80	473	133
УИК №1819	788	675	0	212	11	452	11	212	9	214	0	0	26	44	8	113	23
УИК №1820	1253	1115	0	480	4	631	4	480	22	462	0	0	37	128	48	203	46
УИК №1821	1777	1595	0	732	9	854	9	732	29	712	0	0	41	206	61	335	69
УИК №1822	1620	1475	0	664	2	809	2	664	25	641	0	0	59	194	45	291	52
УИК №1823	1977	1715	0	614	7	1094	7	614	36	585	0	0	53	181	36	247	68
УИК №1824	350	310	0	125	2	183	2	125	13	114	0	0	6	42	6	49	11
УИК №1825	1512	1385	0	733	19	633	19	733	37	715	0	0	46	165	43	389	72
УИК №1826	1782	1620	0	639	14	967	14	639	45	608	0	0	56	143	35	308	66
УИК №1827	1552	1400	0	620	26	754	26	620	31	615	0	0	56	134	33	325	67
УИК №1828	1434	1295	0	637	14	644	14	636	56	594	0	0	59	145	31	305	54
УИК №1829	627	565	0	280	10	275	10	280	17	273	0	0	26	72	16	130	29
																	
УИК №1901	387	350	0	190	33	127	33	190	9	214	0	0	13	19	4	159	19
УИК №1902	1011	1000	0	426	205	369	205	426	12	619	0	0	39	46	11	496	27
УИК №1903	2503	2500	0	1356	246	898	246	1356	46	1556	0	0	86	176	25	1186	83
УИК №1904	2634	2500	0	1591	20	889	20	1591	97	1514	0	0	80	186	40	1102	106
УИК №1905	1034	1000	0	395	68	537	68	395	12	451	0	0	26	73	18	295	39
УИК №1906	216	200	0	143	14	43	14	143	9	148	0	0	8	10	3	117	10
УИК №1907	464	450	0	323	26	101	26	323	7	342	0	0	17	31	5	267	22
УИК №1908	2054	2000	0	579	10	1411	10	579	24	565	0	0	63	162	28	230	82
УИК №1909	2018	2000	0	492	15	1493	15	492	7	500	0	0	39	156	26	223	56
УИК №1910	1859	1500	0	675	36	789	36	675	0	711	0	0	48	163	30	420	50
УИК №1911	1710	1500	0	489	17	994	17	489	10	496	0	0	45	171	25	208	47
УИК №1912	1549	1500	0	462	29	1009	29	462	21	470	0	0	51	120	17	223	59
УИК №1913	856	800	0	246	7	547	7	246	6	247	0	0	18	78	11	120	20
УИК №1914	768	700	0	164	3	533	3	164	2	165	0	0	15	33	8	94	15
УИК №1915	347	300	0	256	6	38	6	256	4	258	0	0	10	27	4	207	10
УИК №1916	1884	1800	0	478	7	1315	7	478	10	475	0	0	55	126	30	208	56
УИК №1917	1723	1500	0	410	8	1082	8	410	13	405	0	0	49	105	22	171	58
УИК №1918	1890	1500	0	384	7	1109	7	384	23	368	0	0	53	118	16	138	43
УИК №1919	1532	1500	0	310	15	1175	15	310	5	320	0	0	41	87	12	151	29
УИК №1920	1261	1000	0	206	12	782	12	206	6	212	0	0	34	58	17	83	20
УИК №1921	2696	2500	0	543	46	1911	46	543	17	572	0	0	82	159	26	231	74
УИК №1922	2920	2500	0	861	50	1589	50	861	56	855	0	0	150	184	47	333	141
УИК №1923	2083	2000	0	513	4	1483	4	513	23	494	0	0	60	151	34	191	58
УИК №1924	2077	2000	0	457	19	1524	19	457	13	463	0	0	56	158	15	185	49
УИК №1925	1248	1000	0	366	7	627	7	366	14	359	0	0	38	108	21	149	43
УИК №1926	1903	1500	0	254	17	1229	17	254	11	260	0	0	36	84	17	92	31
УИК №1927	2008	2000	0	377	8	1615	8	377	8	377	0	0	34	142	22	150	29
УИК №1928	1784	1500	0	399	8	1093	8	399	6	401	0	0	52	101	23	182	43
УИК №1929	1422	1200	0	339	87	774	87	339	15	411	0	0	51	93	25	197	45
УИК №1930	1092	1000	0	326	1	673	1	325	5	321	0	0	24	88	28	139	42
УИК №1931	1545	1500	0	445	18	1037	18	445	14	449	0	0	30	104	27	233	55
УИК №1932	1553	1500	0	451	4	1045	4	451	14	441	0	0	48	113	31	195	54
УИК №1933	1294	1200	0	349	11	840	11	349	7	353	0	0	36	104	6	161	46
УИК №1934	1601	1500	0	362	10	1128	10	362	7	365	0	0	51	99	15	149	51
УИК №1935	1484	1500	0	389	33	1078	33	389	14	408	0	0	29	72	16	260	31
УИК №1936	1439	1400	0	333	8	1059	8	333	14	327	0	0	38	99	19	136	35
УИК №1937	1740	1500	0	512	2	986	2	512	11	503	0	0	51	141	31	227	53
УИК №1938	1711	1500	0	422	6	1072	6	422	16	412	0	0	27	124	26	194	41
УИК №1939	1364	1000	0	376	13	611	13	376	10	379	0	0	38	108	16	174	43
УИК №1940	2871	2500	0	605	27	1868	27	605	18	614	0	0	65	136	27	316	70
УИК №1941	2347	2000	0	569	22	1409	22	569	26	565	0	0	45	181	32	234	73
УИК №1942	1411	1200	0	280	30	890	30	280	13	297	0	0	20	93	10	150	24
УИК №1943	1263	1000	0	339	7	654	7	339	12	334	0	0	31	91	23	156	33
УИК №1944	1456	1200	0	266	10	924	10	266	13	263	0	0	27	51	12	154	19
УИК №1945	1176	1000	0	369	23	608	23	367	16	374	0	0	35	100	17	194	28
УИК №1946	1567	1500	0	387	22	1091	22	387	5	404	0	0	30	121	27	180	46
УИК №1947	1900	1500	0	391	12	1097	12	391	11	392	0	0	46	100	19	180	47
УИК №1948	1518	1500	0	447	6	1047	6	447	16	437	0	0	37	129	24	197	50
УИК №1949	1215	1000	0	316	5	679	5	315	5	315	0	0	38	83	22	138	34
УИК №1950	1788	1500	0	340	16	1144	16	340	13	343	0	0	45	81	13	163	41
УИК №1951	1463	1200	0	383	45	772	45	383	7	421	0	0	42	97	14	216	52
УИК №1952	1654	1500	0	479	51	970	51	479	11	519	0	0	67	86	30	288	48
УИК №1953	1769	1500	0	468	27	1005	27	467	12	482	0	0	54	113	23	242	50
УИК №1954	1033	1000	0	241	6	753	6	241	6	241	0	0	29	65	12	111	24
УИК №1955	2107	2000	0	470	15	1515	15	470	23	462	0	0	45	121	28	250	18
УИК №1956	1966	1500	0	480	8	1012	8	480	16	472	0	0	39	153	22	204	54
УИК №1957	1055	1000	0	237	6	757	6	237	12	231	0	0	35	65	9	92	30
УИК №1958	1186	1000	0	239	4	757	4	239	3	240	0	0	25	56	12	125	22
УИК №1959	1444	1200	0	320	11	869	11	320	14	317	0	0	41	62	17	167	30
УИК №1960	1605	1500	0	414	12	1074	12	413	11	414	0	0	30	111	12	213	48
УИК №1961	1249	1000	0	396	6	598	6	396	17	385	0	0	35	101	18	196	35
УИК №1962	1939	1500	0	464	11	1025	11	464	12	463	0	0	46	132	24	217	44
УИК №1963	1776	1500	0	482	6	1012	6	482	13	475	0	0	30	64	13	323	45
УИК №1964	2198	2000	0	556	9	1435	9	556	18	547	0	0	57	142	20	257	71
УИК №1965	1180	1000	0	314	18	668	18	314	7	325	0	0	32	97	12	163	21
УИК №1966	1621	1500	0	518	6	976	6	518	5	519	0	0	38	93	13	347	28
УИК №1967	1235	1000	0	245	64	691	64	245	9	300	0	0	27	71	10	153	39
УИК №1968	2047	2000	0	489	7	1504	7	489	15	481	0	0	54	120	28	245	34
УИК №1969	2314	2000	0	549	16	1435	16	549	26	539	0	0	44	150	43	246	56
УИК №1970	1098	1000	0	285	9	706	9	285	9	285	0	0	30	82	16	138	19
УИК №1971	1250	1000	0	374	11	615	11	374	9	376	0	0	46	89	18	177	46
УИК №1972	1564	1500	0	427	17	1056	17	427	11	433	0	0	69	96	20	194	54
УИК №1973	1185	1000	0	273	3	724	3	273	10	266	0	0	37	73	11	114	31
УИК №1974	1923	1500	0	496	19	985	19	496	15	500	0	0	51	126	34	236	53
УИК №1975	1120	1000	0	288	11	701	11	288	11	288	0	0	23	98	23	120	24
УИК №1976	974	800	0	272	1	527	1	272	9	264	0	0	35	71	20	103	35
УИК №7101	91	91	0	68	0	23	0	68	3	65	0	0	13	7	2	30	13
УИК №7102	71	71	0	71	0	0	0	71	0	71	0	0	8	10	5	38	10
УИК №7103	73	73	0	73	0	0	0	73	0	73	0	0	6	5	4	41	17
УИК №7104	97	97	0	97	0	0	0	97	0	97	0	0	13	5	3	75	1
УИК №7106	69	69	0	56	0	13	0	56	8	48	0	0	8	3	4	27	6
УИК №7107	71	71	0	58	0	13	0	58	0	58	0	0	14	6	3	26	9
УИК №7108	67	69	0	50	0	19	0	50	0	50	0	0	9	3	1	34	3
УИК №7109	62	64	0	55	0	9	0	55	5	50	0	0	5	4	7	34	0
УИК №7110	79	79	0	79	0	0	0	79	2	77	0	0	8	4	3	45	17
УИК №7111	77	77	0	77	0	0	0	77	0	77	0	0	5	2	1	65	4
УИК №7112	66	66	0	66	0	0	0	66	2	64	0	0	2	12	1	45	4
УИК №7113	61	61	0	61	0	0	0	61	0	61	0	0	0	0	0	60	1
УИК №7114	16	16	0	16	0	0	0	16	0	16	0	0	0	0	0	16	0
УИК №7115	26	26	0	26	0	0	0	26	0	26	0	0	2	1	0	20	3
УИК №7116	23	25	0	23	0	2	0	23	0	23	0	0	5	2	0	15	1
УИК №7117	17	18	0	17	0	1	0	17	1	16	0	0	4	4	2	2	4
УИК №7118	21	22	0	21	0	1	0	21	0	21	0	0	4	2	2	10	3
УИК №7119	26	26	0	25	0	1	0	25	1	24	0	0	5	2	0	17	0
УИК №7120	25	25	0	25	0	0	0	25	0	25	0	0	5	0	2	14	4
УИК №7121	25	25	0	25	0	0	0	25	0	25	0	0	5	1	2	16	1
УИК №7122	27	27	0	13	0	14	0	13	0	13	0	0	4	1	0	8	0
УИК №7123	29	29	0	29	0	0	0	29	0	29	0	0	2	3	0	20	4
УИК №7124	128	128	0	128	0	0	0	128	0	128	0	0	16	5	9	90	8
УИК №7125	291	291	0	280	0	11	0	280	3	277	0	0	14	15	0	222	26
УИК №7126	135	135	0	135	0	0	0	135	0	135	0	0	0	0	0	135	0
УИК №7127	9	9	0	9	0	0	0	9	0	9	0	0	1	0	0	8	0
УИК №7128	22	22	0	22	0	0	0	22	0	22	0	0	0	0	0	19	3
УИК №7129	22	22	0	22	0	0	0	22	4	18	0	0	0	1	2	14	1
УИК №7130	22	22	0	22	0	0	0	22	0	22	0	0	1	1	0	18	2
УИК №7132	18	18	0	18	0	0	0	18	0	18	0	0	0	1	0	15	2
УИК №7133	17	17	0	17	0	0	0	17	0	17	0	0	0	1	0	15	1
УИК №7134	17	17	0	17	0	0	0	17	0	17	0	0	0	0	2	15	0
УИК №7135	23	23	0	23	0	0	0	23	0	23	0	0	1	1	1	18	2
УИК №7136	17	17	0	17	0	0	0	17	0	17	0	0	1	1	0	14	1
УИК №7137	22	24	0	22	0	2	0	22	2	20	0	0	0	2	1	16	1
УИК №7138	15	15	0	15	0	0	0	15	0	15	0	0	0	0	0	10	5
УИК №7139	17	19	0	15	0	4	0	15	0	15	0	0	0	1	2	12	0
УИК №7140	14	14	0	13	0	1	0	13	0	13	0	0	1	1	0	8	3
УИК №7141	18	18	0	17	0	1	0	17	0	17	0	0	0	1	0	16	0
УИК №7142	16	18	0	16	0	2	0	16	9	7	0	0	0	0	0	5	2
УИК №7143	22	24	0	22	0	2	0	22	0	22	0	0	1	17	1	1	2
УИК №7144	16	18	0	16	0	2	0	16	0	16	0	0	3	1	0	9	3
УИК №7145	18	20	0	18	0	2	0	18	0	18	0	0	0	0	0	13	5
УИК №7146	29	29	0	29	0	0	0	29	0	29	0	0	0	2	0	26	1
УИК №7147	29	29	0	29	0	0	0	29	0	29	0	0	0	0	1	27	1
УИК №7148	28	28	0	28	0	0	0	28	0	28	0	0	0	0	0	26	2
УИК №7149	29	29	0	29	0	0	0	29	0	29	0	0	1	0	0	27	1
УИК №7150	20	20	0	16	0	4	0	16	0	16	0	0	1	10	0	4	1
УИК №7151	18	18	0	18	0	0	0	18	0	18	0	0	3	2	1	8	4
УИК №7152	20	20	0	20	0	0	0	20	0	20	0	0	0	0	0	20	0
УИК №7153	24	24	0	24	0	0	0	24	0	24	0	0	0	0	0	24	0
УИК №7154	32	32	0	32	0	0	0	32	0	32	0	0	0	0	0	32	0
УИК №7155	24	24	0	24	0	0	0	24	0	24	0	0	0	0	0	24	0
УИК №7156	19	21	0	19	0	2	0	19	0	19	0	0	4	1	1	10	3
УИК №7157	14	16	0	14	0	2	0	14	0	14	0	0	0	10	0	3	1
УИК №7158	14	16	0	14	0	2	0	14	0	14	0	0	2	4	2	3	3
УИК №7159	12	14	0	12	0	2	0	12	0	12	0	0	0	6	0	4	2
УИК №7160	17	19	0	17	0	2	0	17	1	16	0	0	2	1	1	11	1
УИК №7161	12	14	0	12	0	2	0	12	1	11	0	0	0	0	1	7	3
УИК №7162	19	21	0	19	0	2	0	19	3	16	0	0	3	6	1	5	1
УИК №7163	14	14	0	13	0	1	0	13	0	13	0	0	0	2	2	6	3
УИК №7164	29	29	0	29	0	0	0	29	0	29	0	0	8	3	2	7	9
УИК №7165	11	11	0	11	0	0	0	11	0	11	0	0	1	5	1	3	1
УИК №7166	11	11	0	11	0	0	0	11	0	11	0	0	0	3	1	6	1
УИК №7167	20	20	0	20	0	0	0	20	0	20	0	0	4	2	4	5	5
УИК №7168	20	20	0	20	0	0	0	20	0	20	0	0	1	0	1	11	7
УИК №7170	66	66	0	66	0	0	0	66	0	66	0	0	18	14	0	19	15
УИК №7171	28	28	0	28	0	0	0	28	0	28	0	0	0	0	0	28	0
																	
УИК №2001	271	250	0	69	10	171	10	69	7	72	0	0	8	20	1	34	9
УИК №2002	373	350	0	117	3	230	3	117	16	104	0	0	16	27	7	41	13
УИК №2003	143	145	0	82	6	57	6	82	5	83	0	0	2	3	0	73	5
УИК №2004	553	515	0	167	15	333	15	167	16	166	0	0	23	33	12	77	21
УИК №2005	438	410	48	199	18	145	66	199	27	238	0	0	19	38	7	132	42
УИК №2006	489	470	0	199	13	258	13	199	20	192	0	0	19	25	12	108	28
УИК №2007	170	180	0	104	8	68	8	104	5	107	0	0	19	7	3	70	8
УИК №2008	304	280	0	111	7	162	7	111	4	114	0	0	11	17	7	65	14
УИК №2009	599	530	9	163	30	328	39	163	27	175	0	0	17	32	4	103	19
УИК №2010	164	165	0	79	7	79	7	79	3	83	0	0	6	11	5	51	10
УИК №2011	590	550	0	235	32	283	32	235	21	246	0	0	18	57	8	131	32
УИК №2012	201	205	0	99	10	96	10	99	14	95	0	0	7	23	11	43	11
УИК №2013	262	245	0	105	1	139	1	105	6	100	0	0	8	24	1	49	18
УИК №2014	804	740	0	210	89	441	89	210	30	269	0	0	16	54	10	150	39
УИК №2015	1032	915	0	515	9	391	9	514	47	476	0	0	76	94	36	168	102
УИК №2016	297	270	0	121	0	149	0	121	14	107	0	0	16	20	3	46	22
УИК №2017	458	425	20	85	17	303	37	85	3	119	0	0	14	28	7	56	14
УИК №2018	857	785	0	220	12	553	12	220	15	217	0	0	24	53	10	94	36
УИК №2019	274	240	0	100	9	131	9	100	8	101	0	0	24	15	7	49	6
УИК №2020	422	390	26	129	7	228	33	129	32	130	0	0	15	13	3	74	25
УИК №2021	566	515	0	118	33	364	33	118	12	139	0	0	13	35	5	63	23
УИК №2022	516	475	0	125	77	273	77	125	10	192	0	0	11	46	15	86	34
УИК №2023	924	850	443	195	16	196	459	195	30	624	0	0	87	88	41	274	134
УИК №2024	336	310	12	65	28	205	40	65	2	103	0	0	17	22	9	42	13
УИК №2025	164	185	0	82	19	84	19	82	8	93	0	0	6	16	7	57	7
УИК №2026	572	525	0	145	72	308	72	145	7	210	0	0	19	45	18	92	36
УИК №2027	660	535	78	204	39	214	117	204	20	301	0	0	23	51	21	159	47
УИК №2028	600	535	0	159	16	360	16	159	10	165	0	0	20	51	11	64	19
УИК №2029	532	485	0	161	28	296	28	161	12	177	0	0	12	47	9	77	32
УИК №2030	548	510	0	187	8	315	8	187	6	189	0	0	13	51	12	88	25
УИК №2031	509	470	0	253	36	181	36	253	7	282	0	0	23	52	14	155	38
УИК №2032	331	365	0	273	48	44	48	273	27	294	0	0	50	33	24	143	44
УИК №2033	392	360	0	161	4	195	4	161	13	152	0	0	35	35	5	57	20
УИК №2034	1178	1080	0	522	39	519	39	522	27	534	0	0	49	154	24	250	57
УИК №2035	1181	1080	0	454	33	593	33	454	23	464	0	0	49	141	14	206	54
УИК №2036	560	505	49	205	11	240	60	205	19	246	0	0	30	69	16	110	21
УИК №2037	412	380	0	157	7	216	7	157	6	158	0	0	13	62	8	57	18
УИК №2038	808	745	0	308	19	418	19	308	16	311	0	0	27	85	13	133	53
УИК №2039	1210	1110	0	421	17	672	17	421	32	406	0	0	46	126	29	162	43
УИК №2040	1010	925	0	319	64	542	64	319	22	361	0	0	41	97	23	156	44
УИК №2041	736	675	0	291	15	369	15	291	18	288	0	0	26	78	9	142	33
УИК №2080	91	100	0	78	12	10	12	78	7	83	0	0	15	15	4	42	7
УИК №2081	10	60	0	10	0	50	0	10	1	9	0	0	1	1	0	2	5
																	
УИК №2101	470	450	0	155	2	293	2	155	3	154	0	0	14	49	8	69	14
УИК №2102	384	350	0	163	2	185	2	163	9	156	0	0	19	46	4	79	8
УИК №2103	721	700	0	357	12	331	12	357	25	344	0	0	24	86	11	175	48
УИК №2104	84	80	0	30	3	47	3	30	4	29	0	0	2	1	1	21	4
УИК №2105	188	150	19	88	4	39	23	88	3	108	0	0	0	21	0	72	15
УИК №2106	77	80	0	46	0	34	0	46	4	42	0	0	0	10	0	30	2
УИК №2107	259	250	0	126	22	102	22	126	11	137	0	0	7	33	5	82	10
УИК №2108	788	700	0	366	10	324	10	366	17	359	0	0	31	113	9	184	22
УИК №2109	1405	1400	0	475	20	905	20	475	15	480	0	0	33	150	19	222	56
УИК №2110	1509	1500	0	546	70	884	70	546	25	591	0	0	34	206	15	284	52
УИК №2111	254	250	0	79	2	169	2	79	5	76	0	0	8	30	1	27	10
УИК №2112	327	300	0	112	8	180	8	112	7	113	0	0	10	28	0	60	15
УИК №2113	498	500	0	192	21	287	21	192	4	209	0	0	14	56	8	106	25
УИК №2114	125	120	0	42	0	78	0	42	8	34	0	0	7	4	2	18	3
УИК №2115	100	100	0	37	0	63	0	37	0	37	0	0	4	5	0	25	3
УИК №2116	781	750	0	295	12	443	12	295	19	288	0	0	24	100	11	122	31
УИК №2117	62	45	0	37	1	7	1	37	0	38	0	0	5	4	1	24	4
																	
УИК №2201	815	800	0	214	0	586	0	214	9	205	0	0	12	51	6	117	19
УИК №2202	1075	1090	0	362	6	722	6	362	12	356	0	0	38	73	11	205	29
УИК №2203	1125	1100	0	324	15	761	15	324	15	324	0	0	23	81	9	181	30
УИК №2204	565	570	0	142	17	411	17	142	12	147	0	0	17	30	4	73	23
УИК №2205	158	180	0	74	16	90	16	74	8	82	0	0	9	15	8	39	11
УИК №2206	882	890	0	194	3	693	3	194	9	188	0	0	16	58	9	88	17
УИК №2207	1036	1050	0	216	15	819	15	216	12	219	0	0	21	56	15	93	34
УИК №2208	973	960	0	192	6	762	6	192	3	195	0	0	29	53	15	74	24
УИК №2209	571	580	0	222	4	354	4	222	9	217	0	0	18	48	9	115	27
УИК №2210	1709	1710	0	497	6	1207	6	497	16	487	0	0	30	134	30	250	43
УИК №2211	1699	1700	0	504	22	1174	22	504	23	503	0	0	45	132	19	268	39
УИК №2212	1493	1520	0	346	23	1151	23	346	13	356	0	0	23	97	19	187	30
УИК №2213	1754	1780	0	355	18	1407	18	355	16	357	0	0	30	90	20	190	27
УИК №2214	945	900	0	175	0	725	0	175	11	164	0	0	17	44	6	78	19
УИК №2215	804	800	0	247	5	548	5	247	16	236	0	0	16	57	13	120	30
УИК №2216	764	770	0	173	7	590	7	173	7	173	0	0	24	35	10	86	18
УИК №2217	1597	1600	0	478	10	1112	10	478	10	478	0	0	25	127	27	255	44
УИК №2218	1652	1650	0	484	22	1144	22	484	19	487	0	0	28	100	41	281	37
УИК №2219	522	530	0	176	1	353	1	176	3	174	0	0	15	53	8	82	16
УИК №2220	1085	1100	0	200	4	896	4	200	14	190	0	0	10	66	11	84	19
УИК №2221	1704	1700	0	540	3	1157	3	540	34	509	0	0	47	162	24	237	39
УИК №2222	1192	1200	0	246	23	931	23	246	15	254	0	0	21	58	22	137	16
УИК №2223	666	660	0	136	3	521	3	136	7	132	0	0	13	42	7	60	10
УИК №2224	533	530	0	134	1	395	1	134	10	125	0	0	8	36	8	64	9
УИК №2225	1344	1350	0	374	15	961	15	374	26	363	0	0	22	88	28	193	32
УИК №2226	954	940	0	220	8	712	8	220	18	210	0	0	26	34	15	122	13
УИК №2227	324	320	0	44	0	276	0	44	0	44	0	0	5	10	2	24	3
УИК №2228	1464	1490	0	442	36	1012	36	442	38	440	0	0	33	117	20	219	51
УИК №2229	1168	1180	0	234	11	935	11	234	19	226	0	0	18	58	11	117	22
УИК №2230	701	700	0	153	29	518	29	153	11	171	0	0	22	43	8	86	12
УИК №2231	1059	1080	0	368	30	682	30	368	26	372	0	0	28	60	17	230	37
УИК №2232	843	850	0	183	16	651	16	183	13	186	0	0	22	39	2	104	19
УИК №2233	1066	1060	0	293	18	749	18	293	26	285	0	0	17	69	14	152	33
УИК №2234	779	780	0	231	34	515	34	231	12	253	0	0	28	31	10	169	15
УИК №2235	994	1000	0	299	37	664	37	299	6	330	0	0	18	60	9	217	26
УИК №2236	814	840	0	174	24	642	24	174	8	190	0	0	20	28	9	118	15
УИК №2237	193	195	0	52	4	139	4	52	4	52	0	0	2	14	3	28	5
УИК №2238	72	65	0	18	10	37	10	18	2	26	0	0	3	4	2	17	0
УИК №2239	203	210	6	100	0	104	6	100	4	102	0	0	9	21	1	68	3
УИК №2240	118	110	0	38	0	72	0	38	3	35	0	0	1	8	2	19	5
УИК №2241	226	200	0	117	17	66	17	117	7	127	0	0	13	36	7	54	17
УИК №2242	100	75	7	47	11	10	18	47	1	64	0	0	9	8	0	31	16
УИК №2280	34	80	0	4	30	46	30	4	1	33	0	0	0	4	0	24	5
																	
УИК №2301	477	400	88	122	3	187	91	122	18	195	0	0	11	25	4	141	14
УИК №2302	937	700	0	336	50	314	50	336	19	367	0	0	23	70	12	219	43
УИК №2303	1281	950	0	446	72	432	72	445	24	493	0	0	41	110	12	288	42
УИК №2304	606	450	0	220	30	200	30	220	14	236	0	0	36	48	20	117	15
УИК №2305	760	550	0	267	23	260	23	267	19	271	0	0	32	61	9	148	21
УИК №2306	511	450	0	197	9	244	9	197	20	186	0	0	25	32	6	108	15
УИК №2307	732	550	0	373	8	169	8	373	39	342	0	0	31	83	30	159	39
УИК №2308	694	500	0	397	4	99	4	397	44	357	0	0	59	66	27	151	54
УИК №2309	483	350	0	153	3	194	3	153	5	151	0	0	21	35	10	74	11
УИК №2310	1245	900	0	475	29	396	29	475	29	475	0	0	46	103	24	251	51
УИК №2311	424	300	0	135	25	140	25	135	7	153	0	0	24	34	9	75	11
УИК №2312	580	420	0	172	19	229	19	172	17	174	0	0	28	51	9	69	17
УИК №2313	505	380	0	206	4	170	4	206	17	193	0	0	23	62	7	73	28
УИК №2314	1322	1000	0	646	17	337	17	646	49	614	0	0	79	117	32	299	87
УИК №2315	1666	1200	0	731	19	450	19	728	41	706	0	0	49	164	20	372	101
УИК №2316	1713	1250	0	661	43	546	43	661	38	666	0	0	72	132	29	346	87
УИК №2317	1662	1200	0	617	15	568	15	617	33	599	0	0	62	140	21	309	67
УИК №2318	1402	1000	0	468	14	518	14	468	33	449	0	0	51	85	23	230	60
УИК №2319	1324	1000	0	435	26	539	26	435	34	427	0	0	41	78	16	244	48
УИК №2320	587	430	0	212	4	214	4	212	18	198	0	0	34	56	11	63	34
УИК №2321	655	500	0	204	3	293	3	204	10	197	0	0	22	62	6	84	23
УИК №2322	495	370	0	176	8	186	8	176	14	170	0	0	22	60	5	67	16
УИК №2323	694	550	22	244	11	273	33	244	32	245	0	0	26	57	9	121	32
УИК №2324	611	450	0	191	4	255	4	191	13	182	0	0	17	52	14	83	16
																	
УИК №2401	753	750	0	185	9	556	9	185	12	182	0	0	20	63	3	77	19
УИК №2402	754	750	0	199	7	544	7	199	15	191	0	0	14	44	9	95	29
УИК №2403	775	750	0	243	4	503	4	243	12	235	0	0	22	68	9	103	33
УИК №2404	689	700	0	315	12	373	12	315	29	298	0	0	26	52	9	152	59
УИК №2405	701	700	0	236	7	457	7	236	9	234	0	0	17	70	12	107	28
УИК №2406	509	500	0	178	6	316	6	178	9	175	0	0	21	40	6	91	17
УИК №2407	371	300	0	157	24	119	24	157	6	175	0	0	15	50	7	82	21
УИК №2408	472	400	0	177	4	219	4	177	14	167	0	0	9	55	5	78	20
УИК №2409	425	400	0	171	2	227	2	171	6	167	0	0	17	50	6	68	26
УИК №2410	703	700	0	149	3	548	3	149	7	145	0	0	13	57	12	51	12
УИК №2411	832	800	0	191	14	595	14	191	12	193	0	0	15	75	3	78	22
УИК №2412	426	400	0	101	6	293	6	101	0	107	0	0	5	42	8	45	7
УИК №2413	329	300	0	115	4	181	4	115	8	111	0	0	11	19	1	65	15
УИК №2414	681	650	0	200	5	445	5	200	14	191	0	0	12	33	7	109	30
УИК №2415	53	50	0	18	0	32	0	18	0	18	0	0	0	4	2	12	0
УИК №2416	58	50	0	26	0	24	0	26	0	26	0	0	5	6	1	8	6
УИК №2417	175	150	0	57	4	89	4	57	7	54	0	0	3	10	0	34	7
УИК №2418	161	150	0	58	0	92	0	58	3	55	0	0	1	12	0	31	11
УИК №2419	203	150	0	77	9	64	9	77	5	81	0	0	8	6	3	57	7
УИК №2420	200	200	0	52	7	141	7	52	3	56	0	0	4	9	1	38	4
УИК №2421	801	800	0	211	17	572	17	211	8	220	0	0	19	46	3	129	23
УИК №2422	529	500	0	197	15	288	15	197	10	202	0	0	18	25	2	139	18
УИК №2423	97	90	0	43	0	47	0	43	4	39	0	0	6	6	4	15	8
УИК №2424	124	100	0	51	6	43	6	51	7	50	0	0	5	3	3	37	2
УИК №2425	55	50	0	25	0	25	0	25	3	22	0	0	0	8	0	12	2
УИК №2426	1716	1700	0	1014	22	664	22	1014	53	983	0	0	225	178	68	208	304
УИК №2427	1096	1100	0	388	6	706	6	388	24	370	0	0	74	67	25	160	44
УИК №2428	129	100	0	62	4	34	4	62	7	59	0	0	9	14	1	28	7
УИК №2429	673	550	0	243	1	306	1	243	15	229	0	0	36	50	20	64	59
УИК №2430	736	700	0	218	1	481	1	218	25	194	0	0	18	42	7	99	28
УИК №2431	246	200	0	75	0	125	0	75	9	66	0	0	16	12	1	31	6
УИК №2432	212	200	0	76	0	124	0	76	0	76	0	0	3	20	10	39	4
УИК №2433	279	200	0	87	0	113	0	87	4	83	0	0	5	25	5	37	11
УИК №2434	101	100	0	22	4	74	4	22	1	25	0	0	2	12	1	9	1
УИК №2435	87	90	0	26	1	63	1	26	0	27	0	0	1	9	0	17	0
																	
УИК №2501	155	150	0	49	3	98	3	49	3	49	0	0	3	14	3	25	4
УИК №2502	1072	1080	0	412	61	607	61	411	18	454	0	0	39	99	12	225	79
УИК №2503	501	510	0	104	19	387	19	104	4	119	0	0	10	31	4	56	18
УИК №2504	651	660	0	199	30	431	30	199	11	218	0	0	12	35	4	140	27
УИК №2505	741	740	0	205	24	511	24	205	11	218	0	0	18	41	10	131	18
УИК №2506	614	600	0	182	19	399	19	182	9	192	0	0	26	38	12	98	18
УИК №2507	581	600	0	189	13	398	13	189	10	192	0	0	27	39	4	102	20
УИК №2508	1016	1030	0	229	1	800	1	229	13	217	0	0	24	79	10	70	34
УИК №2509	514	520	0	140	2	378	2	140	8	134	0	0	7	46	11	58	12
УИК №2510	1138	1140	0	320	1	819	1	320	14	307	0	0	32	110	24	94	47
УИК №2511	471	470	0	119	1	350	1	119	6	114	0	0	17	29	8	48	12
УИК №2512	1025	1040	0	267	5	768	5	267	10	262	0	0	27	79	22	96	38
УИК №2513	1053	1070	0	264	6	800	6	264	11	259	0	0	27	80	16	106	30
УИК №2514	1072	1070	0	306	4	760	4	306	12	298	0	0	33	90	21	111	43
УИК №2515	1102	1120	0	245	4	871	4	245	8	241	0	0	19	71	22	95	34
УИК №2516	904	920	0	201	3	716	3	201	21	183	0	0	27	41	12	77	26
УИК №2517	301	300	0	35	1	264	1	35	4	32	0	0	4	9	3	14	2
УИК №2518	1074	1090	0	302	5	783	5	302	12	295	0	0	29	76	15	133	42
УИК №2519	680	660	0	166	17	477	17	166	7	176	0	0	19	44	10	80	23
УИК №2520	1026	1040	0	309	4	727	4	309	15	298	0	0	37	66	24	130	41
УИК №2521	749	750	0	156	1	593	1	156	6	151	0	0	21	44	10	55	21
УИК №2522	1018	1030	0	255	3	772	3	255	9	249	0	0	28	67	10	110	34
УИК №2523	986	980	0	245	4	731	4	245	12	237	0	0	34	73	14	78	38
УИК №2524	1050	1070	0	301	1	768	1	300	12	289	0	0	24	89	13	133	30
УИК №2525	589	580	0	202	16	362	16	202	6	212	0	0	21	49	6	100	36
УИК №2526	1055	1070	0	222	37	811	37	222	13	246	0	0	27	57	7	116	39
УИК №2527	133	130	0	59	0	71	0	59	0	59	0	0	10	4	1	38	6
УИК №2528	201	200	0	72	0	128	0	72	8	64	0	0	3	4	1	50	6
УИК №2529	469	500	0	188	22	290	22	188	1	209	0	0	8	15	4	172	10
УИК №2530	1158	1170	0	399	4	767	4	399	19	384	0	0	30	92	14	213	35
УИК №2531	314	310	0	92	3	215	3	92	6	89	0	0	5	30	8	36	10
																	
УИК №2601	1449	1314	0	866	6	442	6	866	15	857	0	0	48	107	24	614	64
УИК №2602	1576	1372	0	685	6	681	6	683	35	654	0	0	65	224	23	256	86
УИК №2603	308	218	0	178	12	28	12	178	3	187	0	0	11	38	5	111	22
УИК №2604	1444	1328	0	501	36	791	36	501	18	519	0	0	34	108	9	335	33
УИК №2605	938	863	0	447	11	405	11	436	9	438	0	0	29	84	10	288	27
УИК №2606	499	445	0	191	10	244	10	191	9	192	0	0	10	46	5	110	21
УИК №2607	1644	1513	0	482	9	1022	9	482	0	491	0	0	18	143	5	272	53
УИК №2608	603	551	0	395	6	150	6	395	3	398	0	0	19	49	23	282	25
УИК №2609	1499	1359	0	818	17	524	17	818	17	818	0	0	46	94	16	619	43
УИК №2610	1611	1437	0	662	38	737	38	662	19	681	0	0	33	145	16	455	32
УИК №2611	892	824	0	368	56	400	56	368	17	407	0	0	28	88	17	252	22
УИК №2612	1690	1570	0	537	36	997	36	537	19	554	0	0	32	81	20	366	55
УИК №2613	578	519	0	239	80	200	80	239	9	310	0	0	18	31	6	236	19
УИК №2614	621	563	0	246	36	281	36	246	11	271	0	0	16	32	6	194	23
УИК №2615	1115	1024	0	402	24	598	24	402	12	414	0	0	30	90	11	253	30
УИК №2616	276	248	0	83	10	155	10	83	0	93	0	0	8	10	1	72	2
УИК №2617	812	739	0	388	6	345	6	388	5	389	0	0	22	47	5	304	11
УИК №2618	266	241	0	104	3	134	3	104	3	104	0	0	7	21	0	67	9
УИК №2619	251	220	0	112	30	78	30	112	1	141	0	0	5	10	2	111	13
УИК №2620	1546	1431	0	465	48	918	48	464	0	512	0	0	23	107	15	317	50
УИК №2621	1512	1388	0	505	9	874	9	505	19	495	0	0	34	74	17	330	40
УИК №2622	1536	1413	0	376	143	894	143	376	0	519	0	0	24	80	8	359	48
УИК №2623	1686	1552	0	930	41	581	41	930	19	952	0	0	23	111	16	728	74
УИК №2624	1433	1329	0	458	34	837	34	458	0	492	0	0	20	70	7	327	68
УИК №2625	251	220	0	135	12	73	12	134	0	146	0	0	9	35	4	79	19
УИК №2626	1753	1620	0	428	68	1124	68	428	8	488	0	0	20	96	9	322	41
УИК №2627	1683	1457	0	673	151	633	151	673	24	800	0	0	56	144	26	501	73
УИК №2628	550	502	0	299	68	135	68	299	4	363	0	0	16	44	5	286	12
УИК №2629	1250	1116	0	389	35	692	35	389	7	417	0	0	40	102	2	242	31
УИК №2630	941	855	0	369	41	445	41	369	16	394	0	0	29	40	12	271	42
УИК №2631	905	835	0	295	19	521	19	295	12	302	0	0	29	26	0	199	48
																	
УИК №2701	2053	2050	0	487	18	1545	18	487	24	481	0	0	44	89	32	272	44
УИК №2702	2086	2100	0	379	17	1704	17	379	17	379	0	0	37	77	20	209	36
УИК №2703	1968	1950	0	582	19	1349	19	582	32	569	0	0	60	157	27	260	65
УИК №2704	833	840	0	269	8	563	8	269	12	265	0	0	22	72	14	139	18
УИК №2705	517	500	0	119	6	375	6	119	18	107	0	0	10	15	7	56	19
УИК №2706	623	600	0	194	14	392	14	194	15	193	0	0	16	30	15	115	17
УИК №2707	176	170	0	108	8	54	8	108	3	113	0	0	5	26	3	67	12
УИК №2708	178	170	0	65	2	103	2	65	7	60	0	0	3	6	2	35	14
УИК №2709	441	450	0	48	0	402	0	48	4	44	0	0	4	7	0	27	6
УИК №2710	218	210	0	78	12	120	12	78	3	87	0	0	2	6	6	55	18
УИК №2711	124	120	0	56	0	64	0	56	4	52	0	0	4	4	1	34	9
УИК №2712	148	150	0	52	0	98	0	52	5	47	0	0	6	3	1	27	10
																	
УИК №2801	2451	2200	0	764	4	1432	4	764	35	733	0	0	50	207	39	367	70
УИК №2802	2511	2300	0	579	7	1714	7	579	31	555	0	0	61	192	35	191	76
УИК №2803	2235	2000	0	551	82	1367	82	551	58	575	0	0	58	201	34	223	59
УИК №2804	1901	1700	0	506	5	1189	5	506	20	491	0	0	45	172	25	197	52
УИК №2805	584	500	0	119	13	368	13	119	3	129	0	0	16	39	7	53	14
УИК №2806	826	700	0	155	3	542	3	155	7	151	0	0	25	34	7	63	22
УИК №2807	1815	1700	0	490	2	1208	2	490	19	473	0	0	28	140	25	236	44
УИК №2808	1514	1400	0	410	5	985	5	410	23	392	0	0	37	130	19	164	42
УИК №2809	2451	2300	0	718	6	1576	6	718	29	695	0	0	62	208	49	302	74
УИК №2810	2426	2300	0	877	1	1422	1	877	96	782	0	0	125	152	74	271	160
УИК №2811	1532	1400	0	510	7	883	7	510	18	499	0	0	44	126	43	224	62
УИК №2812	1980	1800	0	599	1	1200	1	599	13	587	0	0	21	65	10	469	22
УИК №2813	2570	2300	0	603	6	1691	6	603	22	587	0	0	61	183	28	269	46
УИК №2814	914	700	0	303	3	394	3	303	10	296	0	0	26	84	16	132	38
УИК №2815	2262	2000	0	618	114	1268	114	618	18	714	0	0	34	121	26	486	47
УИК №2816	1784	1500	0	558	29	913	29	558	23	564	0	0	45	161	34	247	77
УИК №2817	2276	2100	0	636	7	1457	7	636	26	617	0	0	66	177	36	294	44
УИК №2818	2652	2400	0	741	6	1653	6	741	28	719	0	0	68	188	40	356	67
УИК №2819	2655	2400	0	825	4	1571	4	820	41	783	0	0	61	213	50	371	88
УИК №2820	1270	1100	0	366	7	727	7	366	12	361	0	0	24	97	19	182	39
УИК №2821	1357	1200	0	454	1	745	1	454	23	432	0	0	34	115	23	207	53
УИК №2822	1673	1500	0	408	9	1083	9	408	29	388	0	0	35	138	21	152	42
УИК №2823	1847	1700	0	500	4	1196	4	498	34	468	0	0	39	127	30	217	55
УИК №2824	1365	3000	0	944	14	2042	14	944	81	877	0	0	186	153	100	295	143
УИК №2825	269	200	0	61	3	136	3	61	4	60	0	0	2	18	3	28	9
УИК №2826	2137	2000	0	922	2	1076	2	922	54	870	0	0	96	183	42	417	132
УИК №2827	1259	1100	0	250	7	843	7	250	13	244	0	0	24	66	13	115	26
УИК №2828	1980	1800	0	292	14	1494	14	292	15	291	0	0	24	87	14	137	29
УИК №2829	2668	2300	0	1194	15	1091	15	1177	78	1114	0	0	168	269	101	390	186
УИК №2830	2027	2000	0	753	9	1238	9	744	28	725	0	0	54	165	31	425	50
УИК №2831	1197	1000	0	341	21	638	21	341	13	349	0	0	27	107	15	169	31
УИК №2832	2161	2000	0	536	4	1460	4	530	22	512	0	0	47	130	31	240	64
УИК №2833	1648	1500	0	352	5	1143	5	352	20	337	0	0	28	91	17	162	39
УИК №2834	1251	1100	0	281	3	816	3	281	11	273	0	0	32	75	24	112	30
УИК №2835	3013	2800	0	811	5	1984	5	811	35	781	0	0	72	235	54	327	93
УИК №2836	3024	2800	0	783	5	2012	5	783	35	753	0	0	72	233	50	301	97
УИК №2837	310	300	0	53	1	246	1	53	4	50	0	0	6	16	2	18	8
УИК №2838	2805	2500	0	1119	2	1379	2	1119	28	1093	0	0	58	192	28	733	82
УИК №2839	2348	2200	0	630	4	1566	4	630	25	609	0	0	71	203	39	208	88
УИК №2840	1714	1600	0	642	4	954	4	642	12	634	0	0	35	115	29	410	45
УИК №2841	2230	2000	0	613	8	1379	8	613	27	594	0	0	42	200	24	250	78
УИК №2842	1833	1700	0	486	2	1212	2	486	15	473	0	0	42	162	30	168	71
УИК №2843	661	650	0	159	3	488	3	159	7	155	0	0	20	50	9	57	19
УИК №2844	1153	1000	0	200	1	799	1	200	7	194	0	0	20	82	13	54	25
УИК №2845	1521	1500	0	472	4	1024	4	472	0	476	0	0	18	64	9	370	15
УИК №2846	1657	1600	0	814	16	770	16	814	14	816	0	0	30	115	18	623	30
УИК №2847	2343	2300	0	479	4	1817	4	479	23	460	0	0	53	140	12	216	39
УИК №2848	932	800	0	279	91	430	91	279	11	359	0	0	23	80	17	215	24
УИК №2849	1719	1700	0	959	2	739	2	959	0	961	0	0	19	130	4	769	39
УИК №2850	1403	1200	0	352	12	836	12	352	14	350	0	0	31	104	23	145	47
УИК №2851	753	700	0	153	2	545	2	153	4	151	0	0	15	52	7	62	15
УИК №2852	2027	1800	0	646	64	1090	64	646	15	695	0	0	48	133	25	431	58
УИК №2853	1715	1700	0	419	9	1272	9	418	9	418	0	0	49	114	22	175	58
УИК №2854	2245	2000	0	1452	7	541	7	1452	17	1442	0	0	66	136	20	1171	49
УИК №2855	1390	1300	0	452	17	831	17	452	18	451	0	0	35	65	27	287	37
УИК №2856	1633	1500	0	564	5	931	5	564	14	555	0	0	39	125	22	317	52
УИК №2857	1265	1100	0	344	5	751	5	344	15	334	0	0	19	110	13	162	30
УИК №2858	919	800	0	250	7	543	7	250	12	245	0	0	19	52	9	137	28
УИК №2859	2456	2300	0	695	12	1593	12	695	41	666	0	0	52	217	28	285	84
УИК №2860	995	1000	0	255	6	739	6	255	9	252	0	0	27	58	14	119	34
УИК №2861	1745	1500	2	307	7	1184	7	307	14	300	0	0	29	76	31	133	31
УИК №2862	1483	1500	0	519	5	976	5	519	14	510	0	0	33	92	14	329	42
УИК №2863	1555	1500	0	345	15	1140	15	345	10	350	0	0	27	130	24	131	38
УИК №2864	1525	1400	0	402	4	994	4	402	25	381	0	0	47	106	19	172	37
УИК №2865	2119	2000	0	540	6	1454	6	540	35	511	0	0	34	164	28	230	55
УИК №2866	2618	2300	0	745	1	1554	1	745	39	707	0	0	75	248	49	253	82
УИК №2867	1370	1200	0	325	3	872	3	325	279	49	0	0	5	19	0	23	2
УИК №2880	217	250	0	110	91	49	91	110	14	187	0	0	21	42	13	81	30
УИК №2881	255	300	0	255	0	45	0	255	34	221	0	0	52	34	9	74	52
УИК №2882	289	300	0	289	0	11	0	289	50	239	0	0	47	22	11	113	46
УИК №2883	1359	1500	0	1154	10	336	10	1154	19	1145	0	0	66	55	17	934	73
УИК №3801	541	600	0	473	20	107	20	473	20	473	0	0	13	24	2	404	30
УИК №3802	112	130	0	92	10	28	10	92	2	100	0	0	6	17	0	73	4
УИК №3803	118	150	18	64	2	66	20	64	1	83	0	0	0	20	0	63	0
УИК №3804	414	450	0	363	8	79	8	363	0	371	0	0	16	23	5	309	18
УИК №3805	240	250	0	177	14	59	14	177	0	191	0	0	29	7	7	145	3
УИК №3806	222	250	0	151	12	87	12	151	3	160	0	0	9	14	3	127	7
УИК №3807	125	130	0	94	1	35	1	94	0	95	0	0	0	0	0	95	0
УИК №3808	1030	1000	34	790	13	163	47	790	16	821	0	0	29	61	25	673	33
УИК №3809	476	500	0	402	23	75	23	402	11	414	0	0	15	22	5	367	5
УИК №3810	236	250	0	222	8	20	8	222	2	228	0	0	8	9	3	196	12
УИК №3811	1893	1900	0	778	179	943	179	778	23	934	0	0	38	97	14	738	47
УИК №3812	2043	2000	0	605	20	1375	20	605	22	603	0	0	54	71	26	385	67
УИК №3813	540	550	0	437	67	46	67	437	2	502	0	0	15	23	3	450	11
УИК №3814	1358	1300	0	425	3	872	3	425	20	408	0	0	37	150	20	159	42
УИК №3815	2235	2200	0	1056	25	1119	25	1056	23	1058	0	0	68	158	26	752	54
УИК №3816	954	950	0	835	42	73	42	835	3	874	0	0	18	84	7	746	19
УИК №3817	220	230	0	173	39	18	39	173	1	211	0	0	2	26	1	180	2
УИК №3818	115	120	0	83	23	14	23	83	0	106	0	0	3	8	2	91	2
УИК №3819	269	300	0	86	4	210	4	86	3	87	0	0	9	25	5	42	6
УИК №3820	333	330	0	245	47	38	47	245	8	284	0	0	8	9	6	256	5
УИК №3821	117	120	0	106	0	14	0	106	0	106	0	0	8	6	1	88	3
УИК №3822	267	300	0	189	32	79	32	189	0	221	0	0	7	15	1	191	7
УИК №3823	222	230	0	111	8	111	8	111	0	119	0	0	3	24	2	84	6
УИК №3824	155	170	0	110	18	42	18	110	3	125	0	0	12	19	3	78	13
УИК №3825	182	200	0	95	9	96	9	95	8	96	0	0	12	27	4	38	15
УИК №3826	529	500	0	369	68	63	68	369	0	437	0	0	22	55	2	347	11
УИК №3827	561	600	0	128	326	146	326	128	17	437	0	0	33	83	19	206	96
УИК №3828	257	250	0	122	7	121	7	122	5	124	0	0	8	28	3	77	8
УИК №3829	758	700	0	248	2	450	2	248	2	248	0	0	23	86	17	77	45
УИК №3830	1832	1800	0	565	7	1228	7	565	25	547	0	0	68	174	39	191	75
УИК №3831	1485	1400	0	515	13	872	13	515	0	528	0	0	41	86	20	350	31
																	
УИК №2901	1117	910	0	386	6	518	6	386	12	380	0	0	40	99	15	171	55
УИК №2902	1073	890	0	436	10	444	10	436	12	434	0	0	41	104	13	201	75
УИК №2903	1053	850	0	413	13	424	13	413	33	393	0	0	46	88	16	190	53
УИК №2904	1235	980	0	398	57	525	57	398	11	444	0	0	34	101	12	236	61
УИК №2905	1118	910	0	336	6	568	6	336	13	329	0	0	45	82	15	148	39
УИК №2906	1184	950	0	269	14	667	14	269	9	274	0	0	24	83	7	124	36
УИК №2907	1057	840	0	281	14	545	14	281	10	285	0	0	27	75	10	129	44
УИК №2908	855	710	0	214	7	489	7	214	6	215	0	0	22	60	19	87	27
УИК №2909	367	300	0	145	3	152	3	145	6	142	0	0	17	35	9	49	32
УИК №2910	844	690	0	190	15	485	15	190	5	200	0	0	15	36	9	108	32
УИК №2911	157	120	0	56	8	56	8	56	4	60	0	0	11	7	1	36	5
УИК №2912	552	450	0	143	25	282	25	143	1	167	0	0	10	30	3	99	25
УИК №2913	548	450	0	173	52	225	52	173	11	214	0	0	9	36	13	127	29
УИК №2914	175	140	0	36	0	104	0	36	0	36	0	0	0	3	1	29	3
УИК №2915	553	440	0	150	19	271	19	150	7	162	0	0	12	27	3	99	21
УИК №2916	1944	1730	803	292	38	597	841	292	23	1110	0	0	168	216	58	431	237
УИК №2917	409	330	0	125	11	194	11	125	11	125	0	0	12	28	4	68	13
УИК №2918	64	50	0	24	0	26	0	24	5	19	0	0	2	0	2	11	4
УИК №2919	411	330	0	109	5	216	5	109	3	111	0	0	15	25	2	55	14
УИК №2920	167	140	0	89	12	39	12	89	1	100	0	0	10	23	6	54	7
УИК №2921	170	140	0	82	5	53	5	82	13	74	0	0	7	24	4	33	6
УИК №2922	473	380	0	151	20	209	20	151	6	165	0	0	9	22	7	105	22
УИК №2923	213	170	0	62	19	89	19	62	6	75	0	0	6	5	4	51	9
УИК №2924	831	660	0	267	31	362	31	267	10	288	0	0	33	57	10	145	43
УИК №2925	353	290	0	155	28	107	28	155	5	178	0	0	11	33	20	96	18
УИК №2926	56	50	0	25	3	22	3	25	7	21	0	0	5	1	0	13	2
УИК №2927	340	280	0	102	18	160	18	102	8	112	0	0	3	31	1	65	12
УИК №2928	90	70	0	42	5	23	5	42	3	44	0	0	3	5	4	29	3
																	
УИК №3001	579	530	4	243	6	277	10	243	16	237	0	0	19	37	8	150	23
УИК №3002	404	400	0	223	1	176	1	223	38	186	0	0	20	26	11	112	17
УИК №3003	1012	1000	3	475	3	519	6	475	46	435	0	0	40	89	24	244	38
УИК №3004	295	290	0	160	1	129	1	158	23	136	0	0	8	25	10	87	6
УИК №3005	1159	1150	0	553	8	589	8	553	60	501	0	0	42	96	20	288	55
УИК №3006	757	740	0	336	3	401	3	336	35	304	0	0	29	66	12	167	30
УИК №3007	187	180	0	92	4	84	4	92	12	84	0	0	5	16	2	53	8
УИК №3008	437	460	0	195	0	265	0	195	26	169	0	0	20	48	9	69	23
УИК №3009	462	460	0	228	12	220	12	228	16	224	0	0	15	44	5	147	13
УИК №3010	1679	1720	0	577	3	1140	3	575	73	505	0	0	41	111	17	289	47
УИК №3011	1031	1030	0	322	0	708	0	319	17	302	0	0	32	55	5	186	24
УИК №3012	735	720	14	174	0	532	14	174	13	175	0	0	16	40	11	81	27
УИК №3013	645	640	0	252	6	382	6	251	19	238	0	0	24	32	12	156	14
УИК №3014	676	690	0	300	6	384	6	300	12	294	0	0	22	68	7	167	30
УИК №3015	1968	2020	0	827	13	1180	13	824	45	792	0	0	50	159	28	476	79
УИК №3016	1438	1470	0	729	2	739	2	728	47	683	0	0	39	152	19	390	83
УИК №3017	1389	1430	0	598	2	830	2	596	31	567	0	0	49	130	18	307	63
УИК №3018	1942	2000	0	889	13	1098	12	889	48	853	0	0	55	192	31	487	88
УИК №3019	868	870	0	361	4	505	4	361	21	344	0	0	27	78	8	194	37
УИК №3020	637	630	0	291	3	336	3	291	20	274	0	0	17	57	8	167	25
УИК №3021	1334	1150	122	465	11	552	132	462	58	536	0	0	83	87	28	272	66
УИК №3022	509	500	0	210	4	286	4	207	28	183	0	0	19	34	4	100	26
УИК №3023	531	500	0	250	8	242	8	250	23	235	0	0	5	56	5	138	31
УИК №3024	242	240	0	101	0	139	0	101	11	90	0	0	6	29	2	43	10
УИК №3025	251	240	0	85	5	150	5	85	3	87	0	0	5	10	1	61	10
УИК №3026	970	950	0	501	7	442	7	501	57	451	0	0	50	47	13	284	57
УИК №3027	1427	1470	17	682	11	760	28	682	48	662	0	0	53	152	19	355	83
УИК №3028	411	400	0	203	2	195	2	203	20	185	0	0	8	30	5	123	19
УИК №3029	185	190	0	96	1	93	1	96	9	88	0	0	4	19	3	48	14
УИК №3030	355	350	0	205	2	143	2	205	7	200	0	0	14	44	5	107	30
УИК №3031	477	480	4	246	9	221	13	246	15	244	0	0	13	64	5	131	31
																	
УИК №3101	1752	1400	0	493	29	878	29	493	21	501	0	0	53	115	21	219	93
УИК №3102	511	400	0	111	40	249	40	111	6	145	0	0	17	29	0	79	20
УИК №3103	1756	1400	0	483	38	879	38	483	18	503	0	0	54	138	27	224	60
УИК №3104	1621	1200	0	444	27	729	27	444	13	458	0	0	32	125	21	230	50
УИК №3105	1679	1300	0	486	33	781	33	486	24	495	0	0	45	127	20	221	82
УИК №3106	1023	800	0	256	53	491	53	256	11	298	0	0	30	68	10	135	55
УИК №3107	259	200	0	67	53	80	53	67	2	118	0	0	11	13	3	73	18
УИК №3108	1471	1100	0	502	56	542	56	502	20	538	0	0	62	128	14	287	47
УИК №3109	1043	800	0	356	59	385	59	356	20	395	0	0	48	80	6	232	29
УИК №3110	1628	1200	0	463	53	684	53	463	12	504	0	0	37	122	14	277	54
УИК №3111	1619	1300	0	555	26	719	26	555	21	560	0	0	58	80	23	341	58
УИК №3112	322	300	0	130	27	143	27	130	5	152	0	0	11	19	2	104	16
УИК №3113	1495	1200	0	482	49	669	49	482	17	514	0	0	56	123	11	284	40
УИК №3114	413	350	0	94	5	251	5	94	2	97	0	0	19	16	4	48	10
УИК №3115	1033	800	0	311	74	415	74	311	17	368	0	0	48	83	6	185	46
УИК №3116	675	600	0	135	208	257	208	135	6	337	0	0	21	24	4	262	26
УИК №3117	445	400	0	99	124	177	124	99	12	211	0	0	19	24	11	142	15
УИК №3118	180	150	0	84	50	16	50	84	7	127	0	0	15	14	12	71	15
УИК №3119	523	450	0	245	62	143	62	245	12	295	0	0	39	64	14	149	29
УИК №3120	284	250	0	94	65	91	65	94	7	152	0	0	23	16	1	100	12
УИК №3121	297	250	0	109	20	121	20	109	1	128	0	0	10	21	2	86	9
УИК №3122	413	350	0	153	17	180	17	153	9	161	0	0	18	36	2	84	21
УИК №3123	135	120	0	80	4	36	4	80	12	72	0	0	3	23	18	19	9
УИК №3124	770	650	0	435	139	76	139	435	4	570	0	0	22	33	9	479	27
УИК №3125	1050	950	0	354	333	263	333	354	8	679	0	0	35	124	8	481	31
УИК №3126	757	700	0	454	77	169	77	454	9	522	0	0	56	49	14	377	26
УИК №3127	296	250	0	96	23	131	23	96	7	112	0	0	21	20	5	62	4
																	
УИК №3201	1642	1600	0	613	10	977	10	613	45	578	0	0	124	107	36	184	127
УИК №3202	1344	1300	0	312	47	941	47	312	8	351	0	0	39	107	15	142	48
УИК №3203	328	300	0	77	59	164	59	77	3	133	0	0	16	26	4	70	17
УИК №3204	1755	1750	0	511	51	1188	51	511	17	545	0	0	44	142	19	236	104
УИК №3205	1739	1700	0	445	73	1182	73	445	9	509	0	0	62	103	17	220	107
УИК №3206	1730	1750	0	561	37	1152	37	561	19	579	0	0	57	133	16	284	89
УИК №3207	1730	1700	0	356	55	1289	55	356	12	399	0	0	47	99	8	159	86
УИК №3208	1315	1300	0	353	103	844	103	353	14	442	0	0	48	60	6	244	84
УИК №3209	469	450	25	161	25	239	50	161	8	203	0	0	43	31	7	84	38
УИК №3210	420	400	0	115	18	267	18	115	5	128	0	0	23	23	1	64	17
УИК №3211	313	300	0	82	8	210	8	82	1	89	0	0	6	28	1	37	17
УИК №3212	641	650	0	176	32	442	32	176	7	201	0	0	26	26	6	113	30
УИК №3213	1502	1500	0	419	68	1013	68	419	16	471	0	0	46	106	15	244	60
УИК №3214	373	350	0	111	75	164	75	111	3	183	0	0	21	15	2	125	20
УИК №3215	526	500	4	137	33	326	37	137	7	167	0	0	16	62	7	60	22
УИК №3216	203	150	0	72	10	68	10	72	0	82	0	0	14	24	3	37	4
УИК №3217	198	150	0	68	12	70	12	68	6	74	0	0	10	9	4	37	14
УИК №3218	739	700	0	335	4	361	4	335	16	323	0	0	19	54	10	172	68
УИК №3219	270	200	0	79	17	104	17	79	4	92	0	0	11	25	3	30	23
УИК №3220	1945	1800	0	820	23	957	23	820	44	799	0	0	44	127	26	449	153
УИК №3221	1931	1800	0	776	29	995	29	776	32	773	0	0	65	116	22	373	197
УИК №3222	788	700	0	280	19	401	19	280	19	280	0	0	31	46	9	150	44
УИК №3223	1401	1300	0	429	37	834	37	429	25	441	0	0	51	86	12	210	82
УИК №3224	1685	1500	0	404	75	1021	75	404	33	446	0	0	30	74	13	252	77
УИК №3225	1921	1900	0	827	10	1063	10	827	35	802	0	0	150	135	49	204	264
УИК №3226	596	500	0	146	68	286	68	146	9	205	0	0	20	23	10	113	39
УИК №3227	158	150	0	60	13	77	13	60	0	73	0	0	6	6	5	36	20
УИК №3228	321	300	0	235	0	65	0	235	36	199	0	0	38	27	16	69	49
																	
УИК №3301	274	280	0	121	0	159	0	121	0	121	0	0	10	2	1	102	6
УИК №3302	170	160	0	97	4	59	4	97	0	101	0	0	10	9	2	74	6
УИК №3303	446	450	31	200	8	211	39	200	15	224	0	0	17	70	2	121	14
УИК №3304	145	150	0	79	1	70	1	79	6	74	0	0	7	9	3	42	13
УИК №3305	957	950	0	379	36	535	36	379	10	405	0	0	66	69	27	198	45
УИК №3306	785	800	0	203	38	559	38	203	18	223	0	0	31	33	4	138	17
УИК №3307	344	350	0	110	22	218	22	110	6	126	0	0	11	24	3	76	12
УИК №3308	230	230	0	101	10	119	10	101	3	108	0	0	11	11	3	72	11
УИК №3309	700	700	0	153	19	528	19	152	6	165	0	0	14	46	4	79	22
УИК №3310	572	570	0	380	9	181	9	380	0	389	0	0	16	26	8	321	18
УИК №3311	645	650	0	301	86	263	86	301	1	386	0	0	20	35	12	300	19
УИК №3312	1117	1100	0	388	82	630	82	388	2	468	0	0	40	85	18	295	30
УИК №3313	607	570	0	174	8	388	8	174	3	179	0	0	21	40	2	89	27
УИК №3314	484	500	0	137	2	361	2	137	3	136	0	0	18	29	5	70	14
УИК №3315	1075	1100	0	257	4	839	4	257	10	251	0	0	34	69	20	90	38
УИК №3316	838	800	0	327	37	436	37	327	6	358	0	0	20	42	5	273	18
УИК №3317	1261	1250	0	376	23	851	23	376	8	391	0	0	46	90	20	183	52
УИК №3318	838	800	0	243	30	527	30	243	0	273	0	0	4	67	9	172	21
УИК №3319	289	290	0	189	0	101	0	189	18	171	0	0	37	35	8	59	32
УИК №3320	233	230	0	112	0	118	0	112	0	112	0	0	11	19	4	71	7
УИК №3321	518	500	0	209	40	251	40	209	5	244	0	0	19	62	5	138	20
УИК №3322	655	650	57	167	50	376	107	167	9	265	0	0	13	44	6	176	26
УИК №3323	115	100	0	47	1	52	1	47	2	46	0	0	6	7	1	21	11
УИК №3324	746	750	24	253	25	448	49	253	2	300	0	0	13	17	1	263	6
УИК №3325	365	370	19	95	15	241	34	95	10	119	0	0	14	26	2	58	19
УИК №3326	304	300	0	99	23	178	23	99	3	119	0	0	10	29	1	72	7
УИК №3327	861	850	9	175	16	650	25	175	12	188	0	0	21	34	6	92	35
УИК №3328	957	950	16	464	14	456	30	464	24	470	0	0	81	83	19	224	63
УИК №3329	230	230	0	120	5	105	5	120	3	122	0	0	13	36	6	55	12
УИК №3330	628	620	0	192	16	412	16	192	5	203	0	0	14	32	4	137	16
УИК №3331	168	170	0	100	10	60	10	100	1	109	0	0	6	7	4	85	7
УИК №3332	306	300	0	155	11	134	11	155	2	164	0	0	8	20	6	105	25
																	
УИК №3401	648	600	0	303	30	267	30	303	66	267	0	0	31	38	16	137	45
УИК №3402	964	900	0	366	12	522	12	366	32	346	0	0	36	92	29	151	38
УИК №3403	1030	1000	0	311	9	680	9	311	28	292	0	0	26	90	20	118	38
УИК №3404	1112	1000	0	321	10	669	10	321	31	300	0	0	51	68	12	121	48
УИК №3405	1009	1000	0	218	8	774	8	218	11	215	0	0	12	58	13	98	34
УИК №3406	1167	1000	0	337	9	654	9	337	20	326	0	0	28	94	33	132	39
УИК №3407	979	900	0	215	6	679	6	215	17	204	0	0	32	61	13	75	23
УИК №3408	950	900	0	187	4	709	4	187	16	175	0	0	21	51	16	67	20
УИК №3409	1125	1000	0	246	7	747	7	246	11	242	0	0	25	67	20	96	34
УИК №3410	1128	1000	0	342	3	655	3	342	13	332	0	0	36	102	19	139	36
УИК №3411	1114	1000	0	401	1	598	1	401	27	375	0	0	29	113	28	153	52
УИК №3412	535	600	0	157	0	443	0	157	10	147	0	0	24	32	7	42	42
УИК №3413	742	700	0	397	2	301	2	397	14	385	0	0	61	78	16	125	105
УИК №3414	318	300	0	81	4	215	4	81	7	78	0	0	4	22	8	32	12
УИК №3415	1034	1000	0	252	4	744	4	252	14	242	0	0	33	55	25	100	29
УИК №3416	1069	1000	0	203	9	788	9	203	28	184	0	0	18	45	13	80	28
УИК №3417	1056	1000	0	300	1	699	1	300	11	290	0	0	31	96	22	106	35
УИК №3418	1112	1000	0	292	2	706	2	292	16	278	0	0	35	94	12	94	43
УИК №3419	1025	1000	0	257	3	740	3	256	11	248	0	0	19	73	17	101	38
УИК №3420	1118	1000	0	311	1	688	1	311	12	300	0	0	39	76	20	131	34
УИК №3421	1084	1000	0	322	3	675	3	322	13	312	0	0	33	80	18	134	47
УИК №3422	1120	1000	0	337	3	660	3	337	17	323	0	0	43	97	20	117	46
УИК №3480	114	123	0	111	3	9	3	111	10	104	0	0	27	24	7	29	17
																	
УИК №3501	748	750	0	326	6	418	6	325	16	315	0	0	19	56	26	171	43
УИК №3502	680	680	0	241	4	435	4	241	10	235	0	0	20	55	22	110	28
УИК №3503	712	700	0	267	1	432	1	267	8	260	0	0	27	59	14	132	28
УИК №3504	709	700	0	348	1	351	1	348	24	325	0	0	40	57	32	152	44
УИК №3505	708	730	16	283	2	429	18	283	10	291	0	0	24	47	31	170	19
УИК №3506	372	370	0	115	5	250	5	115	8	112	0	0	19	12	5	66	10
УИК №3507	261	260	0	95	10	155	10	95	4	101	0	0	20	18	3	42	18
УИК №3508	360	360	0	92	11	257	11	92	3	100	0	0	6	13	5	58	18
УИК №3509	97	90	0	44	4	42	4	44	0	48	0	0	3	17	3	16	9
УИК №3510	130	130	0	33	10	87	10	33	4	39	0	0	4	7	0	22	6
УИК №3511	278	280	0	110	12	158	12	110	4	118	0	0	6	19	6	75	12
УИК №3512	67	60	0	26	3	31	3	26	2	27	0	0	0	6	0	18	3
УИК №3513	83	80	0	30	4	46	4	30	3	31	0	0	3	2	0	26	0
УИК №3514	489	490	15	142	13	320	28	142	8	162	0	0	18	35	7	81	21
УИК №3515	571	570	0	143	25	402	25	143	6	162	0	0	20	32	4	85	21
УИК №3516	537	530	0	114	26	390	26	114	7	133	0	0	17	17	6	68	25
УИК №3517	283	290	0	83	5	202	5	83	5	83	0	0	7	20	2	45	9
УИК №3518	264	270	0	87	7	176	7	87	5	89	0	0	10	18	3	51	7
УИК №3519	549	550	0	109	39	402	39	109	6	142	0	0	20	29	6	69	18
УИК №3520	538	480	0	178	45	257	45	178	14	209	0	0	42	49	11	68	39
УИК №3521	761	670	0	83	313	274	313	83	17	379	0	0	57	69	12	149	92
УИК №3522	150	140	0	50	5	85	5	50	3	52	0	0	8	16	0	24	4
УИК №3523	643	670	0	183	2	485	2	183	14	171	0	0	21	48	8	69	25
УИК №3524	304	260	0	178	0	82	0	178	0	178	0	0	32	48	9	53	36
УИК №3525	829	800	0	158	8	634	8	158	7	159	0	0	31	49	3	54	22
УИК №3526	570	540	0	169	0	371	0	169	19	150	0	0	36	45	4	49	16
																	
УИК №3601	515	500	0	143	60	297	60	143	7	196	0	0	16	37	8	120	15
УИК №3602	531	500	0	159	35	306	35	159	10	184	0	0	21	37	9	90	27
УИК №3603	83	60	0	35	0	25	0	35	0	35	0	0	2	9	0	20	4
УИК №3604	524	500	0	171	28	301	28	171	5	194	0	0	23	46	9	92	24
УИК №3605	149	130	0	75	15	40	15	75	10	80	0	0	2	25	1	44	8
УИК №3606	466	450	0	210	41	199	41	210	11	240	0	0	19	98	5	99	19
УИК №3607	751	650	0	184	169	297	169	184	31	322	0	0	62	56	14	128	62
УИК №3608	343	320	0	96	33	191	33	96	5	124	0	0	14	25	4	65	16
УИК №3609	731	700	0	166	9	525	9	166	10	165	0	0	27	50	6	72	10
УИК №3610	485	450	0	121	38	291	38	121	5	154	0	0	22	51	3	61	17
УИК №3611	412	400	0	148	5	247	5	148	7	146	0	0	16	44	4	64	18
УИК №3612	517	500	0	315	56	129	56	315	14	357	0	0	28	107	15	163	44
УИК №3613	117	100	0	54	18	28	18	54	0	72	0	0	4	24	5	30	9
УИК №3614	185	180	0	77	16	87	16	77	2	91	0	0	5	33	2	45	6
УИК №3615	440	400	0	156	6	238	6	156	9	153	0	0	11	43	3	78	18
УИК №3616	252	200	0	174	16	10	16	174	2	188	0	0	40	24	9	87	28
УИК №3617	106	90	0	45	3	42	3	45	2	46	0	0	7	7	3	18	11
УИК №3618	359	330	0	145	35	150	35	145	2	178	0	0	17	39	5	98	19
УИК №3619	339	320	0	140	22	158	22	140	10	152	0	0	7	43	5	42	55
УИК №3620	158	130	0	66	0	64	0	66	0	66	0	0	12	15	1	35	3
УИК №3621	124	100	0	46	11	43	11	46	2	55	0	0	7	14	0	27	7
УИК №3622	209	190	0	79	9	102	9	79	2	86	0	0	8	30	3	39	6
УИК №3623	263	230	0	83	69	78	69	83	5	147	0	0	16	47	9	53	22
УИК №3624	324	300	0	183	0	117	0	183	3	180	0	0	54	29	10	73	14
УИК №3625	542	500	0	142	19	339	19	142	6	155	0	0	12	16	4	109	14
УИК №3626	810	750	0	230	27	493	27	230	9	248	0	0	22	113	6	88	19
УИК №3627	746	700	0	266	38	396	38	266	8	296	0	0	19	146	7	84	40
УИК №3628	403	350	0	124	15	211	15	124	4	135	0	0	16	27	6	73	13
УИК №3629	162	150	0	51	20	79	20	51	12	59	0	0	7	9	3	33	7
УИК №3630	947	850	0	276	57	517	57	276	12	321	0	0	31	81	8	148	53
УИК №3631	1390	1300	0	350	70	880	70	350	10	410	0	0	44	103	17	209	37
УИК №3632	1421	1300	0	367	22	911	22	367	11	378	0	0	46	108	13	154	57
УИК №3633	649	600	0	391	25	184	25	391	38	378	0	0	19	42	5	289	23
УИК №3634	472	450	0	138	46	266	46	138	10	174	0	0	30	35	2	94	13
УИК №3635	141	140	0	73	15	52	15	73	2	86	0	0	5	17	3	55	6
УИК №3636	555	500	0	391	80	29	80	383	5	458	0	0	27	40	14	353	24
УИК №3637	1006	1000	0	339	69	592	69	339	14	394	0	0	51	124	16	161	42
УИК №3638	1038	1000	0	288	18	694	18	288	9	297	0	0	32	88	10	141	26
УИК №3639	177	150	0	55	39	56	39	55	3	91	0	0	16	18	2	38	17
УИК №3640	1298	1200	0	332	50	818	50	332	15	367	0	0	43	85	19	169	51
УИК №3641	311	280	0	95	21	164	21	95	10	106	0	0	11	25	6	53	11
УИК №3642	222	200	0	90	15	95	15	90	4	101	0	0	4	24	0	57	16
УИК №3643	402	350	0	119	8	223	8	119	1	126	0	0	17	35	5	57	12
																	
УИК №3701	980	900	0	261	17	622	17	261	2	276	0	0	27	63	9	161	16
УИК №3702	472	426	0	185	17	224	17	185	15	187	0	0	11	40	3	109	24
УИК №3703	235	235	0	157	14	64	14	157	5	166	0	0	7	15	2	132	10
УИК №3704	93	93	0	64	10	19	10	64	0	74	0	0	4	11	2	49	8
УИК №3705	182	170	0	96	18	56	18	96	1	113	0	0	6	22	3	69	13
УИК №3706	847	792	21	319	38	414	59	319	27	351	0	0	37	62	9	204	39
УИК №3707	630	566	5	267	40	254	45	267	16	296	0	0	29	57	8	175	27
УИК №3708	188	171	0	77	7	87	7	77	4	80	0	0	8	20	6	38	8
УИК №3709	766	713	0	287	46	380	46	287	8	325	0	0	28	48	6	201	42
УИК №3710	133	138	0	82	8	48	8	82	2	88	0	0	7	9	2	43	27
УИК №3711	97	90	0	51	0	39	0	51	0	51	0	0	2	0	0	48	1
УИК №3712	827	748	0	224	28	496	28	224	18	234	0	0	13	60	9	109	43
УИК №3713	266	235	0	111	47	77	47	111	4	154	0	0	6	24	2	100	22
УИК №3714	218	214	0	96	18	100	18	96	8	106	0	0	11	23	6	54	12
УИК №3715	265	250	0	126	13	111	13	126	3	136	0	0	17	37	7	63	12
УИК №3716	269	250	0	101	0	149	0	101	1	100	0	0	11	29	2	49	9
УИК №3717	408	382	0	169	16	197	16	169	6	179	0	0	14	33	1	113	18
УИК №3718	201	191	0	114	14	63	14	114	14	114	0	0	8	14	3	77	12
УИК №3719	152	133	0	78	8	47	8	78	14	72	0	0	19	4	3	39	7
УИК №3720	214	187	0	79	9	99	9	79	7	81	0	0	5	10	2	52	12
УИК №3721	199	184	11	14	51	108	62	14	0	76	0	0	9	9	5	46	7
УИК №3722	367	339	0	110	23	206	23	110	2	131	0	0	15	25	5	74	12
УИК №3723	198	186	0	55	8	123	8	55	3	60	0	0	14	5	0	33	8
УИК №3724	212	198	0	102	13	83	13	102	6	109	0	0	4	24	4	75	2
УИК №3725	74	66	0	12	11	43	11	12	2	21	0	0	1	2	1	14	3
																	
УИК №3901	943	900	0	394	7	499	7	394	16	385	0	0	44	124	22	148	47
УИК №3902	1001	950	0	537	7	406	7	537	11	533	0	0	41	126	12	316	38
УИК №3903	581	500	0	278	23	199	23	278	6	295	0	0	24	56	10	190	15
УИК №3904	401	400	0	241	20	139	20	241	6	255	0	0	12	23	2	207	11
УИК №3905	222	200	0	188	2	10	2	188	2	188	0	0	13	57	0	100	18
УИК №3906	1273	1200	0	305	42	853	42	305	12	335	0	0	21	116	13	148	37
УИК №3907	1077	1000	0	281	7	712	7	281	21	267	0	0	23	83	9	112	40
УИК №3908	728	700	0	203	14	483	14	203	21	196	0	0	17	65	6	89	19
УИК №3909	472	480	0	253	4	223	4	253	22	235	0	0	50	58	15	77	35
УИК №3910	619	600	0	160	64	376	64	160	5	219	0	0	8	60	14	105	32
УИК №3911	573	550	0	134	42	374	42	134	6	170	0	0	14	39	3	89	25
УИК №3912	1172	1000	0	392	39	569	39	392	19	412	0	0	39	118	15	194	46
УИК №3913	957	950	0	188	4	758	4	188	11	181	0	0	28	53	6	74	20
УИК №3914	995	1000	0	281	2	717	2	281	9	274	0	0	31	85	9	127	22
УИК №3915	1094	1100	0	334	7	759	7	334	10	331	0	0	34	103	11	157	26
УИК №3916	1510	1400	0	390	4	1006	4	390	27	367	0	0	52	81	20	143	71
УИК №3917	635	600	0	183	8	409	8	183	14	177	0	0	14	64	5	80	14
УИК №3918	513	430	0	154	14	262	14	154	5	163	0	0	15	40	6	78	24
УИК №3919	309	300	0	83	3	214	3	83	6	80	0	0	8	16	4	47	5
УИК №3920	231	200	0	62	5	133	5	62	7	60	0	0	4	22	1	25	8
УИК №3921	459	450	0	118	18	314	18	118	8	128	0	0	12	34	2	62	18
УИК №3922	947	800	0	475	20	305	20	475	35	460	0	0	42	83	14	254	67
УИК №3923	867	800	0	408	25	367	25	408	25	408	0	0	39	101	25	190	53
УИК №3924	120	115	0	29	4	82	4	29	0	33	0	0	3	11	1	13	5
УИК №3925	165	150	0	54	14	82	14	54	1	67	0	0	5	20	1	27	14
																	
